item_id,text,human_anchor_traceable,human_role_or_affordance_change,human_merely_decorative,human_readable,human_stock_loop_or_sprawl_failure,human_notes
R001,"As the loading bay light hums a gentle, persistent tune, the delivery label, now a small, elderly woman, slowly unfurls, unrolling itself to reveal a small, suit and tie, once belonging to a postal worker. The cardboard box, now a bookstand, displays a tattered novel with a bookmark, as the tape dispenser, a retired watch, tick-tock, recounting the hours.",0.5,1,1,1,1,"The opening is merely a metaphorical description. The phrase unrolling itself to reveal a small, suit and tie goes beyond depaysement. I simply don’t understand what it means in English. Because I can’t picture the situation in my mind. I’m not saying it’s necessarily bad that the stapler continues to serve as a clock, but in this case, unlike the absurdity of the preceding passages, it comes across as unnaturally rational, making it seem like mere laziness or an oversight."
R002,"The blue mug now held a jellyfish in a perpetual balance, its tendrils sticking to the sides as it slowly set itself free. As the comb continued to dance with the morning light, the sink began to unravel its own pipes, allowing the water to flow upwards like a babbling brook into the falling blue mug.",1,0,0,1,0,"A jellyfish in a mug, melting sink pipes—I like it. There are just the right number of motifs. It’s just a shame that the ending leaves you wondering where the jellyfish went."
R003,"Steam wisps escaped the kettle, curling like ethereal fingers, as the fridge's interior whispered an ominous melody, its shelves groaning with old, dusty hymns. A lunchbox, once a humble conveyer of bland sandwiches, now hosted a vibrant, miniature garden, where lettuce and radishes sprouted in defiance of reason.",1,1,1,1,0,"A very bad example. The first half consists solely of scene descriptions, and while the second half suddenly introduces a forced shift, the author’s intent is so transparent that it ruins the mood. The phrase “sprouted in defiance of reason” is essentially a self-declaration that the author is aiming for a sense of disorientation."
R004,"The bus card continued to sit quietly in the coat pocket, where it had been since the last bus ride, surrounded by a tangle of forgotten umbrellas and crumpled up ticket stubs. The handrail, now a glittering artery of crystal, shone with a light that seemed to grow brighter with each raindrop, as the rain began to speak a language that only the coat pocket could understand.",0,0,1,0,0,"Even before the sense of disorientation sets in, it’s unclear where the point of view lies; my first impression isn’t whether it’s surreal or not, but rather that it’s poorly written. And the descriptions are quite clichéd."
R005,"The receipt begins to unfurl like a small, crumpled flower, its numbers and scribbled scribbles transformed into a syntax of twisted, tentative vines that curl around the stapler's metal spine, as the fluorescent light overhead hums a tune in a language only the stapler seems to understand, casting an eerie, purple glow over the entire, slightly askew scene.",0,1,0,1,1,"Although there are an excessive number of motifs, the dense, undulating progression has a great rhythm and feels trippy. However, I can’t deny that the phrase “slightly askew scene” kind of ruins the effect. That’s because it serves as an explanation of the scene’s atmosphere."
R006,"As the morning light seeps into the sink, it transforms into a frothy, iridescent foam that fills the blue mug, which now gazes back at the sink with a serene, glassy stare, its reflection rippling and distorting into a thousand tiny, glistening worlds.",1,1,0,1,0,"It's very good. The flow is seamless, yet the transformations are bizarre. Although it employs a sense of disorientation, it still maintains a clear, coherent narrative as prose."
R007,"A faint, silver mist seeps from the fridge, as if it's attempting to take a old, wrinked woman, who leans and leans, as if to hear the kettle, which whistles a faint, armonic lament, while a nearby, apron-clad, chalkless, and obsolete street, slowly, silently, unravel, with an empty lunchbox, a grocery list that unraps like a paper flower, releasing whispers that rattle the kettle, that rattles out a string quartet of tidy, scentless orchesters.",0.5,1,0,0.5,1,"The boundary between ethical narrative and surrealism is extremely blurred. This has its pros and cons. In the first half, it leaves a somewhat half-baked impression, while in the second half, chaos reaches its peak and logic is swallowed up by a flood of absurdity. Overall, I can’t wholeheartedly praise it, but it’s not bad."
R008,"The fridge, now an old, rusty 80-year-old, slowly begins to lean towards the lunchbox, which has become a small, delicate music box, softly playing a walt walt, as the grocery list, now a tiny, vivacious dancer, begins to perform a tango, and the kettle, now a harmonica, plays a lively polka, to a small crowd of ants, to the quiet, gentle hum of a nearby, very old, incredibly delicate clock.",0,1,0,0.5,0,"It's pretty good. It leaves a vivid impression that makes you wonder, “What on earth did I just read?” While there is an overload of information, you can sense a consistent intent behind it, and it's overwhelming."
R009,"A nearby table, once pristine, now teases the spreadsheet with an abstract floral arrangement that weeps slow, rivulets of what may be coffee, spelling ""TO WHO"", as the cursor yawns like a sleepy animal, beside a coffee ring that collects glittering stars and cracks its metallic lips to whisper a tempo that perfectly harmonizes with the office fan's cadence, casting gentle whirlwinds over the room.",0,0,0,0,1,"The presence of straightforward rhetorical devices—such as “abstract floral arrangements,” “rivulets of what may be coffee,” and “a tempo that perfectly harmonizes with the cadence of the office fan”—scattered throughout the unfolding of these frenzied scenes exposes a disjointed imbalance that feels somewhat lackluster in a negative sense."
R010,"As the delivery label continued to cross the old suitcase, now being used as a makeshift cardboard box, the tape dispenser sat idle, its usually high loads reduced to a mere trickle, and the loading bay light, once a reliable fixture, now flickered erratically.",1,0,0.5,1,0,"These aer not a changes in ontological role, but merely a change in the role of the same object. There is absolutely no trace of surrealism to be found."
R011,"The worn, wooden fridge creaks in the gentle breeze as it attempts to close, but its hinges falter, and it falls onto a new, wire mesh lunchbox. On the worn countertop, a modified grocery list now holds a ballerina figurine, while the quiet kettle, once a fixture in this kitchen, now resides in a new, sunlit window.",0,0,1,0.5,0,"The worn, wooden refrigerator and the new, wire-mesh lunchbox are nothing more than a contrast between old and new. It tries to be quirky, but there’s no flash of inspiration in the composition. As for the background, it’s merely a descriptive scene. There’s a huge gap between the foreground and the background. It confuses transformation with the passage of time."
R012,"As the delivery label fell onto the tape dispenser, it ricocheted off, finally coming to rest on the worn concrete beneath the loading bay light, where it stuck as the warehouse staff sorted through the cardboard box filled with packages that were supposed to be going out for shipping.",1,0,1,1,0,"Terrible. Aside from the tape dispenser that suddenly appears, it's just plain prose. And the tape dispenser, rather than evoking a pleasant sense of incongruity, simply feels out of place and serves only as noise."
R013,"The bus card, once a reminder of a forgotten fare, now floats in the coat pocket, as if startled by the coat, its pockets dripping with rain that shines like a thousand tiny diamonds, while the handrail, now a glistening, semi-human figure, weeps raindrops that echo a haunting, melancholic melody.",1,0.5,1,1,0,"The rain appears twice, making it redundant. The ending feels more opulent than surreal. Also, the author is relying too much on metaphors."
R014,"The bus card remained pristine, its expiration date illuminated like a miniature sun in the depths of the coat pocket. As the handrail continued to shine, water seeping into the curve of it like a liquid arc of light, the rain drummed against the windowpane, obscuring the world outside.",1,0,1,1,0,I don't even feel it's worth commenting on. It's just plain prose.
R015,"As the morning light, now a pale, greyish hue, illuminates the comb, it transforms into a small, porcelain-like figurine, while the blue mug, now slightly ajar, emits a soft, whispery voice, softly humming a tune that perfectly harmonies with the hum of the sink, which, now a tiny, egg-shaped incuba, pours a thin, metallic rivage that occasionally bubbles, emitting tiny, iridescent mirrors that reflect a sort of pale, aqua blue that unravels into a sea of morning light.",0.5,1,0,0.5,0.5,"It's wonderful. It has a great rhythm, and while the transformations are chaotic, they're also amusing—which I really like. It has a strong sense of dépaysement."
R016,"The fluorescent light hummed softly as she stood at the counter, scribbling a note on a receipt that would eventually serve as a makeshift bookmark for the worn copy of Shakespeare's plays on the same counter. Her fingers hovered over the stapler, hesitating before securing the final sheet of paper in place.",1,0,1,1,0,It's not a case of dépaysement at all. A certain scene.
R017,"The spreadsheet weeps, its frozen sheets of numbers and logos, now a kale, and the cursor, once a snake, darts between stiffened fingers, its lipless mouth whispering incessant prayers. As the office fan stirs, its blades now a screech, the coffee ring, now a crema, spreads a sheet of fine, white, silk, and the fluorescent lights above, pulsing with a cadence, begin to knit a cobweb of frost, and the air stirs, perfume of cinnamon and pipewash, sweet as a morning's first light.",1,1,0.5,0.5,1,"As the office fan whirs, its blades now screeching, the coffee ring—now a crema—the middle section suddenly feels somewhat closer to the realm of everyday life, making it seem out of place. And as a result, the sections before and after it have become suffocatingly overloaded with information. It’s a shame, precisely because the transformation is so strange."
R018,"The fridge now held a half-empty box of frozen yogurt, a brand new lunchbox with its nameplate reading 'Bernie', and a grocery list that seemed to belong to the homeowner's eccentric aunt. As she poured herself a cup of tea, the quiet kettle finally whistled, breaking the morning silence.",1,0,0.5,1,0,It’s like a scene from a family drama. There’s nothing surreal about it.
R019,"The receipt, however, had begun to migrate towards the wall, its fine print morphing into a serpentine pattern as it slid effortlessly towards the stapler, which now pulsed with a faint, otherworldly glow under the fluorescent light, casting an eerie sheen on the surrounding air.",1,1,0.5,1,0,"The way it starts with “however,” the natural yet unnatural quality of the transformation—it’s so good, but the self-referential phrase “an eerie sheen” pulls you back to reality, leaving it just one step short."
R020,"The blue mug now holds a cup of steaming tea, and as the owner approaches the sink to rinse it, the morning light casts a warm glow on a tangled mess of hair and a discarded comb, forgotten beside it.",1,0,0,1,0,"Good. This character, who tries to rinse out the tea even though it’s still in the cup, is incredibly strange—and that’s what makes him so great. The ordinary nature of the rest of the scene serves to highlight this strangeness. However, there’s no transformation, and the absurdity outweighs the surrealism."
R021,"As the morning light, now a deep, emerald green, tickles the comb, it suddenly springs open, releasing a chorus of silvery, fluted, and ethereal trumpets that scatter shards of morning light and diamonds.

The blue mug, now a miniature, intricate, and perfectly crafted, Fabuiano, rises from the sink, while the sink, now a mirror, reflects a fresco of abandoned, scale-like, moon-like, and wreoned, barnacelike face, from which a nighting, sips espresso.",0.5,1,0,0.5,0.5,"There are a great many nouns. Yet the text draws the reader in with its momentum. After reading, a strong sense of dissonance lingers, indicating that the text has successfully subverted the reader’s expectations."
R022,"As the cursor blinked rapidly, a multitude of numbers on the spreadsheet began to morph and twist, like a living entity trying to escape the confines of the computer screen, while the office fan's feeble whirring created a hypnotic rhythm that synchronized with the flickering fluorescent lights above. A dollop of coffee remained, eerily unaffected by the chaos around it, forming a perfect ring that seemed to defy the laws of reality, much like the blank stare of a forgotten worker hunched over the desk.",1,0,1,0.5,1,Not good. The first half features supernatural phenomena. The second half is nonsense. It doesn't really feel like surrealism.
R023,"The fluorescent light above the counter flickered, casting an eerie glow on the receipt, which was now slightly torn, revealing a small crease in the paper. Meanwhile, a harp, tucked behind the stapler, seemed to have been there for years, its strings worn from countless silent melodies.",1,0,0.5,1,0,"It’s lovely that the harp is hidden in the hitchhiker. But, to be honest, the rest of it feels a bit too explanatory—as if it’s trying too hard to make you think, “Isn’t that mysterious?”"
R024,"A similar blue mug sat on the other side of the sink, serving as a companion to its duplicate; the comb lay on the floor, its tines tangled with a shoelace that had escaped from the room, as the morning light spilled onto the two similar objects.",1,0,0.5,1,0,"It’s ambiguous—and that’s what makes it good—because you could interpret “the two similar objects” as referring to something other than a pair of mugs. However, when read from start to finish, the inconsistency in the style of expression stands out."
R025,"As the delivery label slowly loses its adhesive, it unfurls like a ghostly scroll, revealing the words ""Delivery to Nowhere"" in faded, cursive script. Above the cardboard box, the loading bay light flickers with a soft, blue glow, illuminating a miniature, tutu-clad delivery woman who tends to the box with an air of courteous indifference.",1,0,0.5,1,0,"The detached politeness of the little delivery person in a tutu is actually pretty spot-on, even though the whole thing does come across as a bit of a cliché."
R026,"Steam wafts from the lid of the kettle, but instead of water, a forest of straws teems from its depths, quivering like a colony of frogs. The fridge now displays a painting of Elvis Presley dancing on its shelves, while the lunchbox is filled with crayons and last night's socks.",1,1,0,1,0,"No complaints. It’s completely out there, but it keeps you reading. It’s memorable."
R027,"The spreadsheet remained open on her computer, the cursor blinking steadily as she scrolled through the rows of her expense reports. Meanwhile, her coworker shifted uncomfortably, trying to dry the coffee ring on her new blouse with a soggy wad of paper towels, which only seemed to spread the stain, and the office fan whirred on, blowing a gentle breeze that rustled the papers on the nearby filing cabinet.",1,0,0.5,1,0,"At first glance, it seems like a simple description of a scene, but there’s a subtle sense of unease about it. However, it’s nothing more and nothing less than that."
R028,"The bus card, which had once been a ticket to somewhere exciting, now collected dust in its owner's coat pocket, a relic of a forgotten adventure. Meanwhile, the handrail, once a sturdy support, now glistened with rain, mirroring the bus's reflection, as the bus continues on its route, oblivious to the world outside.",1,0,1,1,0,Sentimental depictions. That's all. It confuses the passage of time with the transformation of the subject.
R029,"The old man pulled out his wallet and flipped through it, finally locating the crumpled bus card that had spent the entire day pressed into the back of his coat pocket. His fingers trailed along the cold handrail as he swayed gently from side to side, the rain creating a miniature waterfall on the pavement below.",1,0,1,1,0,That's terrible. The miniature waterfall that suddenly appears at his feet doesn't just create a sense of dissonance with the mood that came before—it simply disrupts the consistency of the entire passage.
R030,"As the rain intensively, the bus card slowly, and the handrail, now a small, brass, golden organ, begins to play a melancholy tune. The coat pocket, once a bulble of dry, parched earth, now drinks rivule of the rain, and the bus card, once a lonely, secret, it quietly whispers a lullaby.",1,0,0,0.5,0.5,"Not bad. Yet, Instead of a process of transformation, a list of disparate elements is presented from the outset. I sense an atmosphere more reminiscent of Symbolism than Surrealism."
R031,"As the delivery label, now a tiny, delicate ballet, twits and tango with the cardboard box, the tape dispenser, now a miniature, synchronized ballerina, harmoniously accompanies a melancholy tune.

In the loading bay light, a faint, ghostly piano plays a lonely, requantum of silver, as the delivery label, cardboard box, and tape dispenser join in a dirge.",0.5,0.5,0.5,0,1,"The “now” and “ballerina” loop. It's funny in a nonsensical way, but it's not surreal."
R032,"As the office fan hums to life, a sudden gust stirs the dust motes dancing in the scattered papers, causing the cursor on the spreadsheet to hesitate, while the manager, now with a notepad and pen, carefully tries to remove the coffee ring from the antique desk, oblivious to the spreading stain.",1,0.5,0,1,0,"I like the image of flying grains of sand stopping the cursor. My boss’s behavior is also bizarre, but it’s a half-baked mix of absurdity and surrealism. I don’t think that’s necessarily a bad thing in itself, but it doesn’t exactly give me a sense of surrealism."
R033,"A new employee, similar to the one that now stands at the counter, clips a stack of unpaid bills to the fluorescent light. The stapler, once a free-sitter, now and again absorbs a morning dew.",1,1,0.5,0,0,"I like how, from the first-person perspective, the physical incongruity between the new employee and the person behind the counter comes across as nonsensical. That’s why the stapler feels like a superfluous detail."
R034,"As the delivery label remained frozen in place, a cardboard box began to unfurl like a tender petal, its flaps unfolding to reveal a miniature world of moving furniture and whispering books. In the loading bay light, the tape dispenser hummed a feeble melody, its spool unwinding like a snail's trail, drawing the cardboard box towards the shadows, where a single word ""received"" glowed like a tiny lantern.",1,1,1,0.5,0.5,"The transition is smooth, and the placement and quantity of motifs seem appropriate, but it’s a bit too well-behaved. It lacks impact, and the hook is weak."
R035,"As the morning heat worsens, the office fan, which had been a steady, soothing hum, now churns out a gentle breeze that sends the paper on which the spreadsheet, once a tranquil, arthritic hand has momentarily been forgotten, rattle and shake. Meanwhile, a dusty, aged pen, once a faithful companion to a forgotten accountant, scratches out a faint, illegible signature, above the coffee ring, a tiny, delicate cup, recently, it seems, begins to refill itself with a stream of viscous, coffee-colored liquid.",1,0,1,1,0,"It gives the impression of a piece that’s trying too hard to force supernatural elements into its sentiment. Since the tone is that of run-of-the-mill prose, this forced quality stands out all the more."
R036,"As the receipt begins to unfold and read a new receipt, the stapler starts to play a tiny harmonica, while the fluorescent light humming a melancholy tune, a pile of mismatched socks begins to rise from the counter, and the stapler's denting and rivets suddenly become tiny, topless somersuit, slowly and solemnly, into a nearby souffé.",1,1,0.5,0.5,1,"It’s a rather surreal scene, and the loop is quite noticeable, though opinions are divided on whether it necessarily detracts from the quality of the dépaysement. That’s because it keeps the reader engaged."
