condition,prompt_mode,alpha,seed_count,candidate_count,candidate_fraction,minimum_anchor_coverage,anchor_phrase_coverage,ontology_collapse_density,syntax_readability_proxy,readable_ontology_frontier,traceable_transport_score,surface_style_pressure,decoration_without_transport,cliche_attractor_score,fantasy_prop_score,semantic_loop_pressure,unbridged_novelty,object_budget_pressure,unfinished,decorative_near_miss_rate,stable_rate,readable_transport_rate,failure_rate,mixed_rate,anchor_full_rate,anchor_traceable_rate
endpoint,operational,0.0,4,16,1.0,0.0,0.875,0.0643148501162206,0.6601913322394601,0.020807519429169603,0.048955149415722134,0.0,0.0,0.041666666666666664,0.025,0.1887821396668032,0.7419126259673092,1.0,0.0,0.0,0.6875,0.0625,0.25,0.0,0.625,0.875
endpoint,operational,0.3,4,16,1.0,0.0,0.953125,0.029153439153439153,0.6688599365932008,0.009426017779967648,0.06457235255760659,0.041666666666666664,0.027029880246642185,0.020833333333333332,0.0,0.12540600298823984,0.664280161447244,0.982421875,0.0,0.125,0.8125,0.0625,0.0,0.0,0.8125,1.0
endpoint,operational,0.6,4,16,1.0,0.0,0.84375,0.12827433272745775,0.6963613993923974,0.044287635756275916,0.06888042099181615,0.10416666666666666,0.04945905359326002,0.08333333333333333,0.0734375,0.12458183289784953,0.7119950413875487,0.9365885416666667,0.0,0.125,0.5,0.25,0.125,0.0,0.5,0.875
endpoint,operational,0.9,4,16,1.0,0.0,0.90625,0.22746377769404086,0.6968137646258545,0.08386410049428315,0.06103508244919184,0.125,0.0752993263046215,0.20833333333333331,0.159375,0.12319756943692703,0.6797971500420382,0.9822916666666667,0.0,0.25,0.25,0.25,0.25,0.0,0.625,1.0
endpoint,operational,1.2,4,16,1.0,0.0,0.828125,0.19545664983164984,0.673490577235279,0.057595552621501483,0.050263258523650406,0.10416666666666666,0.050996096351404153,0.2708333333333333,0.203125,0.1373695853595107,0.7500124895232015,1.0,0.15000000000000002,0.0,0.125,0.0625,0.8125,0.0,0.625,0.75
transition,operational,0.0,4,16,1.0,0.0,0.875,0.0643148501162206,0.6601913322394601,0.020807519429169603,0.048955149415722134,0.0,0.0,0.041666666666666664,0.025,0.1887821396668032,0.7419126259673092,1.0,0.0,0.0,0.6875,0.0625,0.25,0.0,0.625,0.875
transition,operational,0.3,4,16,1.0,0.0,0.78125,0.01482473544973545,0.6699572752183673,0.004887356044168675,0.053620626802343176,0.020833333333333332,0.012834192103803039,0.041666666666666664,0.025,0.10399194622380409,0.7479768720509624,1.0,0.0,0.0625,0.6875,0.0,0.25,0.0,0.5,0.75
transition,operational,0.6,4,16,1.0,0.0,0.671875,0.07904761904761906,0.6685463366268627,0.026884528100080934,0.05632310884447185,0.020833333333333332,0.01330035875489695,0.10416666666666666,0.0453125,0.06604119158907942,0.7760384343599296,0.9859375,0.0,0.0625,0.375,0.0625,0.5,0.0,0.3125,0.5625
transition,operational,0.9,4,16,1.0,0.0,0.421875,0.0502889384920635,0.6670896223789159,0.015346103766365358,0.05905429290382441,0.0625,0.01786756808519735,0.08333333333333333,0.1109375,0.030221667520054618,0.8175783869553219,0.9609375,0.05,0.0625,0.1875,0.0625,0.6875,0.0,0.0625,0.3125
transition,operational,1.2,4,16,1.0,0.0,0.25,0.051319444444444445,0.67883621425048,0.008977101330253175,0.044849496623455026,0.041666666666666664,0.003454802259887006,0.0625,0.053125,0.04198283334312747,0.8863242588702147,0.8552083333333333,0.05,0.0,0.0625,0.0,0.9375,0.0,0.0,0.0625
projected,operational,0.0,4,16,1.0,0.0,0.875,0.0643148501162206,0.6601913322394601,0.020807519429169603,0.048955149415722134,0.0,0.0,0.041666666666666664,0.025,0.1887821396668032,0.7419126259673092,1.0,0.0,0.0,0.6875,0.0625,0.25,0.0,0.625,0.875
projected,operational,0.3,4,16,1.0,0.0,0.796875,0.010615914931657321,0.6720363335405055,0.003364408732043801,0.05083933233580698,0.020833333333333332,0.01268321020434086,0.10416666666666666,0.0234375,0.1421529563594341,0.7551098026780065,1.0,0.0,0.0625,0.625,0.0,0.3125,0.0,0.375,0.8125
projected,operational,0.6,4,16,1.0,0.0,0.640625,0.11553902116402118,0.6670299937466098,0.03674583497780117,0.05466945672835418,0.08333333333333333,0.03266094000598224,0.041666666666666664,0.03125,0.10214806485128355,0.7602851160662012,0.996484375,0.0,0.125,0.25,0.1875,0.4375,0.0,0.3125,0.5625
projected,operational,0.9,4,16,1.0,0.0,0.484375,0.1772453703703704,0.6797009190225533,0.05935008454343476,0.05753358147544485,0.041666666666666664,0.01871858961393245,0.0625,0.03125,0.09083480868467282,0.778108884901648,0.946875,0.0,0.0625,0.0625,0.1875,0.6875,0.0,0.125,0.3125
projected,operational,1.2,4,16,1.0,0.0,0.390625,0.03743055555555556,0.6531802810072844,0.009857102157884923,0.06125705640643947,0.041666666666666664,0.00956101112923697,0.041666666666666664,0.053125,0.07421582673598803,0.8308859614979159,0.91875,0.05,0.0,0.125,0.0,0.875,0.0,0.0,0.125
factorized,operational,0.0,4,16,1.0,0.0,0.875,0.0643148501162206,0.6601913322394601,0.020807519429169603,0.048955149415722134,0.0,0.0,0.041666666666666664,0.025,0.1887821396668032,0.7419126259673092,1.0,0.0,0.0,0.6875,0.0625,0.25,0.0,0.625,0.875
factorized,operational,0.3,4,16,1.0,0.0,0.8125,0.11687709492323269,0.6467993113029005,0.040688443622522386,0.06275993660003702,0.020833333333333332,0.0032898040332059947,0.041666666666666664,0.03125,0.14368826084969022,0.6923258692045702,0.9716145833333333,0.0,0.0,0.5625,0.125,0.3125,0.0,0.4375,0.8125
factorized,operational,0.6,4,16,1.0,0.0,0.6875,0.043605367684282956,0.6744584895451972,0.014636434785127416,0.050681531184702575,0.10416666666666666,0.04485826666146538,0.041666666666666664,0.0,0.08399008600095557,0.7784923725801536,1.0,0.0,0.1875,0.375,0.0625,0.375,0.0,0.25,0.625
factorized,operational,0.9,4,16,1.0,0.0,0.40625,0.11053374689947966,0.6725911986711862,0.023928572483380983,0.04742787598619681,0.041666666666666664,0.007399425857348711,0.08333333333333333,0.03125,0.04419642857142857,0.8389405642666512,0.968359375,0.025,0.0,0.125,0.125,0.75,0.0,0.125,0.25
factorized,operational,1.2,4,16,1.0,0.0,0.3125,0.0431958020839343,0.7031262747250075,0.015151719556121513,0.043907464017205314,0.041666666666666664,0.0038866876035268576,0.0,0.0,0.04820317550096963,0.8897811263813585,0.936328125,0.0,0.0,0.1875,0.0,0.8125,0.0,0.0,0.1875
random,operational,0.0,4,16,1.0,0.0,0.875,0.0643148501162206,0.6601913322394601,0.020807519429169603,0.048955149415722134,0.0,0.0,0.041666666666666664,0.025,0.1887821396668032,0.7419126259673092,1.0,0.0,0.0,0.6875,0.0625,0.25,0.0,0.625,0.875
random,operational,0.3,4,16,1.0,0.0,0.84375,0.07781471478463571,0.6598229808516127,0.02487742467650906,0.07467926028129437,0.0,0.0,0.020833333333333332,0.0,0.06974729981464896,0.7275840102343772,0.9438802083333333,0.0,0.0,0.6875,0.0625,0.25,0.0,0.5625,0.8125
random,operational,0.6,4,16,1.0,0.0,0.921875,0.019408265118746493,0.6762870463132881,0.0066548824957473945,0.06039212580786449,0.020833333333333332,0.01346794741133306,0.041666666666666664,0.0234375,0.10650467921584221,0.7083843757789124,0.9859375,0.0,0.0625,0.875,0.0,0.0625,0.0,0.8125,0.9375
random,operational,0.9,4,16,1.0,0.0,0.84375,0.053208320839846286,0.6808627901956306,0.017697221792087835,0.06860367060153341,0.0625,0.03862586346943631,0.020833333333333332,0.0,0.12855844624220306,0.7031426239710917,0.9360677083333333,0.0,0.1875,0.625,0.0625,0.125,0.0,0.5625,0.875
random,operational,1.2,4,16,1.0,0.0,0.796875,0.02145459129013366,0.6865908340033193,0.0065973277026387216,0.11182140570152435,0.041666666666666664,0.01795262715761177,0.020833333333333332,0.0,0.19652984167150483,0.6276441374337394,0.8376302083333333,0.0,0.0625,0.75,0.0,0.1875,0.0,0.4375,0.8125
