probe,label,vector_family,layers,alpha,scope,count,readable_ontology_frontier,ontology_collapse_density,syntax_readability_proxy,graph_fragmentation,semantic_loop_pressure,trajectory_revisit_pressure,lineage_bridge,unbridged_novelty,object_budget_pressure,traceable_transport_score,ordinary_anchor_retention,stock_prop_attractor_score,fantasy_prop_score,unfinished
endpoint_mid,"Endpoint, layers 9-15",endpoint,9-15,0.0,pool,48,0.005981246156261509,0.01849537037037037,0.8211624407368808,0.6491898409774088,0.029658882783882786,0.053265735566516814,0.21263020833333335,0.7202050264550265,0.3470052083333333,0.15540758581272932,0.546875,0.020833333333333332,0.0,0.0
endpoint_mid,"Endpoint, layers 9-15",endpoint,9-15,0.0,picked,12,0.020420342465547827,0.06287037037037037,0.8079455166585207,0.43620016067235207,0.0744047619047619,0.10977430555555555,0.3385416666666667,0.5041666666666667,0.06111111111111111,0.24690776588028196,0.6666666666666666,0.05555555555555555,0.0,0.0
endpoint_mid,"Endpoint, layers 9-15",endpoint,9-15,0.8,pool,48,0.004196929417651569,0.011191288581582387,0.8230201059931029,0.6679447884664619,0.0,0.040225491661975796,0.24879092261904764,0.6928428631553633,0.36124131944444443,0.17458756208005213,0.53125,0.013888888888888888,0.018229166666666668,0.0
endpoint_mid,"Endpoint, layers 9-15",endpoint,9-15,0.8,picked,12,0.011602149740467076,0.03287942130030272,0.8125934659544228,0.5294957707638117,0.0,0.018687782805429865,0.26197916666666665,0.6741402116402117,0.31440972222222224,0.21108683502504258,0.5,0.0,0.0,0.0
endpoint_mid,"Endpoint, layers 9-15",endpoint,9-15,1.1,pool,48,0.002803469481944756,0.007407407407407408,0.8302293068367074,0.6161817946693416,0.019345238095238096,0.03323457488691863,0.2500186011904762,0.6903534544159545,0.35651041666666666,0.21103364721469423,0.5260416666666666,0.013888888888888888,0.020833333333333332,0.0
endpoint_mid,"Endpoint, layers 9-15",endpoint,9-15,1.1,picked,12,0.00672640289723329,0.016666666666666666,0.8297533073875331,0.32143070894468284,0.0,0.052552895021645014,0.5229166666666667,0.375,0.0671875,0.49875054036150074,0.625,0.0,0.0,0.0
endpoint_mid,"Endpoint, layers 9-15",endpoint,9-15,1.4,pool,48,0.003298365085664333,0.009814814814814814,0.8215961016336563,0.7446334394366757,0.015625,0.033014728113903956,0.17935267857142856,0.7664399836274836,0.4095486111111111,0.13023706091888962,0.515625,0.013888888888888888,0.010416666666666666,0.0
endpoint_mid,"Endpoint, layers 9-15",endpoint,9-15,1.4,picked,12,0.011386482331904644,0.0337037037037037,0.8222253798666669,0.6095811356754419,0.0,0.041978632478632476,0.24077380952380953,0.665079365079365,0.30416666666666664,0.18928539759510243,0.6041666666666666,0.0,0.0,0.0
transition_early,"Transition, layers 2-8",transition,2-8,0.0,pool,48,0.006964341951265726,0.02034722222222222,0.798305766799145,0.6252955269137225,0.018601190476190476,0.051054473304473304,0.3184895833333333,0.5934358465608466,0.26471354166666666,0.2322167408563169,0.6614583333333334,0.006944444444444444,0.0,0.0
transition_early,"Transition, layers 2-8",transition,2-8,0.0,picked,12,0.01990716629153014,0.059166666666666666,0.7707770514962463,0.3930077593931529,0.0744047619047619,0.05330934343434343,0.48125,0.41180555555555554,0.09878472222222223,0.3771108656798215,0.6875,0.027777777777777776,0.0,0.0
transition_early,"Transition, layers 2-8",transition,2-8,0.8,pool,48,0.0007040493038916974,0.0023148148148148147,0.8144185501095484,0.7235375065383495,0.006944444444444443,0.04780221787505795,0.23180803571428574,0.7166252150627151,0.4188368055555556,0.1516392255404489,0.6145833333333334,0.0,0.0,0.00375
transition_early,"Transition, layers 2-8",transition,2-8,0.8,picked,12,0.0012148148148148146,0.003703703703703704,0.8288444359968749,0.48152572688790024,0.0,0.07057360347985348,0.40520833333333334,0.4701388888888889,0.15729166666666666,0.3234774871898091,0.6875,0.0,0.0,0.0
transition_early,"Transition, layers 2-8",transition,2-8,1.1,pool,48,0.0045431588259916104,0.011746844137137944,0.813695996209355,0.6208381405375462,0.03767361111111111,0.0453666821117479,0.2458953373015873,0.6865755772005772,0.33315972222222223,0.18593918347181768,0.515625,0.006944444444444444,0.010416666666666666,0.0
transition_early,"Transition, layers 2-8",transition,2-8,1.1,picked,12,0.01037073430880313,0.023847118057558767,0.841473857106391,0.4322045637127674,0.03125000000000001,0.051282828282828284,0.44687499999999997,0.48125,0.15381944444444445,0.37991572871607,0.5416666666666666,0.0,0.0,0.0
transition_early,"Transition, layers 2-8",transition,2-8,1.4,pool,48,0.00038515355485509146,0.00125,0.8351260852344877,0.7009133653837666,0.0,0.038427020028582524,0.13608630952380954,0.8101348304473305,0.43884548611111107,0.10078063311285872,0.4583333333333333,0.013888888888888888,0.015104166666666669,0.012499999999999999
transition_early,"Transition, layers 2-8",transition,2-8,1.4,picked,12,0.0,0.0,0.8953084061204368,0.4675761957730813,0.0,0.0407198097041847,0.12708333333333333,0.7534722222222222,0.23958333333333334,0.1189271572961711,0.4375,0.0,0.0,0.0
transition_mid,"Transition, layers 9-15",transition,9-15,0.0,pool,48,0.009755020119827413,0.02763888888888889,0.8308159610247351,0.7457827102632182,0.018601190476190476,0.04999423563917807,0.2086123511904762,0.7271988428238428,0.4212673611111111,0.13184585443608812,0.5625,0.03472222222222222,0.044270833333333336,0.0
transition_mid,"Transition, layers 9-15",transition,9-15,0.0,picked,12,0.035719704895742894,0.09944444444444445,0.8672900776942472,0.5966431131592422,0.0744047619047619,0.06394427447552448,0.28854166666666664,0.6185185185185186,0.24600694444444446,0.18431592812827594,0.5833333333333334,0.0,0.0,0.0
transition_mid,"Transition, layers 9-15",transition,9-15,0.8,pool,48,0.0034135781647170443,0.009837962962962963,0.83425729438206,0.6855565169539551,0.01592261904761905,0.026091461686064025,0.2072358630952381,0.767335847023347,0.45698784722222224,0.1367733635453689,0.4895833333333333,0.006944444444444444,0.0078125,0.0
transition_mid,"Transition, layers 9-15",transition,9-15,0.8,picked,12,0.01163954703386818,0.033796296296296297,0.8414956735973028,0.556821687346611,0.0,0.017490036231884058,0.26674107142857145,0.6860660173160174,0.3979166666666667,0.19720941361343636,0.5416666666666666,0.0,0.0,0.0
transition_mid,"Transition, layers 9-15",transition,9-15,1.1,pool,48,0.00293927911353604,0.007572751322751322,0.8426487673344206,0.6668189155830112,0.02353896103896104,0.033934578008796755,0.21648685515873015,0.7275703463203463,0.3438802083333334,0.1567930190473852,0.5729166666666666,0.027777777777777776,0.03958333333333333,0.00375
transition_mid,"Transition, layers 9-15",transition,9-15,1.1,picked,12,0.005956680545474911,0.013888888888888888,0.8527455869315812,0.5254251560375727,0.0,0.014184027777777776,0.22291666666666665,0.7166666666666667,0.23125000000000004,0.21055155410992657,0.5,0.0,0.0,0.0
transition_mid,"Transition, layers 9-15",transition,9-15,1.4,pool,48,0.0035294562463080137,0.00949074074074074,0.8056802667665388,0.7203605770079631,0.004807692307692309,0.032339722304144614,0.19688740079365077,0.7810528591778593,0.48676215277777773,0.1246529529171369,0.484375,0.006944444444444444,0.010416666666666666,0.0
transition_mid,"Transition, layers 9-15",transition,9-15,1.4,picked,12,0.010001972953923998,0.025925925925925925,0.8466194210255845,0.5215543223731837,0.0,0.028909397893772892,0.2220238095238095,0.7531415343915344,0.2765625,0.17186644763299105,0.4375,0.0,0.0,0.0
transition_late,"Transition, layers 16-22",transition,16-22,0.0,pool,48,0.0055546647476224864,0.017444247203015566,0.8488444683086337,0.6856271281362009,0.018601190476190476,0.05404835052100677,0.2559895833333333,0.6728944088319088,0.34600694444444446,0.1759975740159716,0.609375,0.013888888888888888,0.020833333333333332,0.0
transition_late,"Transition, layers 16-22",transition,16-22,0.0,picked,12,0.016170974003669746,0.05140977430455395,0.8740860164141414,0.49753921023359293,0.0744047619047619,0.023902777777777776,0.2708333333333333,0.6447191697191698,0.23611111111111113,0.2114081520826738,0.4791666666666667,0.0,0.0,0.0
transition_late,"Transition, layers 16-22",transition,16-22,0.8,pool,48,0.00996551544279684,0.023844855325075683,0.8085971599110292,0.6562137317477975,0.005681818181818183,0.048892360116395035,0.18250248015873016,0.7733529202279202,0.4246961805555556,0.12552403789179836,0.484375,0.006944444444444444,0.010416666666666666,0.0
transition_late,"Transition, layers 16-22",transition,16-22,0.8,picked,12,0.02713248220467353,0.06227304398348469,0.8974515607660405,0.4404519875478928,0.0,0.05404166666666666,0.16041666666666668,0.7611111111111111,0.25381944444444443,0.13530171107618547,0.4166666666666667,0.027777777777777776,0.041666666666666664,0.0
transition_late,"Transition, layers 16-22",transition,16-22,1.1,pool,48,0.01796561378903237,0.03159722222222223,0.8420129684810407,0.6590698228134877,0.025000000000000005,0.028472190712899633,0.2083891369047619,0.7362726972101972,0.39639756944444443,0.15243908499276473,0.515625,0.0,0.0,0.0
transition_late,"Transition, layers 16-22",transition,16-22,1.1,picked,12,0.06762514503584229,0.11805555555555557,0.915121260862922,0.4869507002930947,0.05000000000000001,0.033192285247432306,0.3318452380952381,0.5879629629629629,0.25972222222222224,0.2696454275723376,0.5416666666666666,0.0,0.0,0.0
transition_late,"Transition, layers 16-22",transition,16-22,1.4,pool,48,0.0039362716086785545,0.01087962962962963,0.8187739689028978,0.6959442402934478,0.04459550865800866,0.03999660470248705,0.24083074044011543,0.7081542878417878,0.39071180555555557,0.15493943475099872,0.5416666666666666,0.006944444444444444,0.0,0.0
transition_late,"Transition, layers 16-22",transition,16-22,1.4,picked,12,0.006579444835606125,0.016666666666666666,0.8102242549009905,0.4688013533555803,0.053977272727272735,0.049977746212121206,0.34077380952380953,0.5656746031746032,0.17048611111111112,0.25896146687387794,0.5625,0.0,0.0,0.0
