probe,vector_family,layers,alpha,seed,count,readable_ontology_frontier,ontology_collapse_density,syntax_readability_proxy,graph_fragmentation,semantic_loop_pressure,trajectory_revisit_pressure,lineage_bridge,unbridged_novelty,object_budget_pressure,traceable_transport_score,ordinary_anchor_retention,stock_prop_attractor_score,fantasy_prop_score,unfinished
endpoint_mid,endpoint,9-15,0.0,A blue mug near the sink,3,0.05965405594459005,0.1922222222222222,0.7441458333333334,0.40874236806328024,0.2976190476190476,0.041375,0.375,0.48333333333333334,0.05277777777777778,0.17158098560636006,0.6666666666666666,0.0,0.0,0.0
endpoint_mid,endpoint,9-15,0.0,I am waiting for the printer,3,0.013131896296296297,0.037037037037037035,0.8060555555555555,0.592788808552713,0.0,0.31740079365079366,0.3125,0.4222222222222223,0.06944444444444443,0.2020338729112413,0.6666666666666666,0.0,0.0,0.0
endpoint_mid,endpoint,9-15,0.0,The laundry basket by the door,3,0.008895417621304967,0.022222222222222223,0.8264534050179212,0.3788097886540602,0.0,0.06407142857142857,0.5833333333333334,0.3055555555555555,0.016666666666666666,0.5000814778645833,0.6666666666666666,0.0,0.0,0.0
endpoint_mid,endpoint,9-15,0.0,The spreadsheet was still open,3,0.0,0.0,0.8551272727272727,0.3644596774193549,0.0,0.016249999999999997,0.08333333333333333,0.8055555555555555,0.10555555555555556,0.11393472713894315,0.6666666666666666,0.2222222222222222,0.0,0.0
endpoint_mid,endpoint,9-15,0.8,A blue mug near the sink,3,0.0,0.0,0.8533333333333334,0.26087989741688306,0.0,0.01895833333333333,0.5,0.35555555555555557,0.016666666666666666,0.44715106119791664,0.6666666666666666,0.0,0.0,0.0
endpoint_mid,endpoint,9-15,0.8,I am waiting for the printer,3,0.01909736842105263,0.06666666666666667,0.8855614035087719,0.7137844982078855,0.0,0.007463235294117646,0.08333333333333333,0.9246031746031745,0.5854166666666666,0.0529984183039671,0.3333333333333333,0.0,0.0,0.0
endpoint_mid,endpoint,9-15,0.8,The laundry basket by the door,3,0.012444049701314219,0.022222222222222223,0.7680885006386307,0.48075247188233844,0.0,0.019166666666666665,0.23958333333333334,0.7259259259259259,0.2916666666666667,0.18356515344690394,0.5,0.0,0.0,0.0
endpoint_mid,endpoint,9-15,0.8,The spreadsheet was still open,3,0.014867180839501448,0.04262879631232199,0.7433906263369555,0.66256621554814,0.0,0.029162895927601813,0.225,0.6904761904761904,0.36388888888888893,0.1606327071513827,0.5,0.0,0.0,0.0
endpoint_mid,endpoint,9-15,1.1,A blue mug near the sink,3,0.0,0.0,0.805513468013468,0.2221057038684959,0.0,0.0431547619047619,0.6666666666666666,0.1111111111111111,0.0,0.6977278645833334,0.75,0.0,0.0,0.0
endpoint_mid,endpoint,9-15,1.1,I am waiting for the printer,3,0.02690561158893316,0.06666666666666667,0.8160107264489449,0.5373348738457193,0.0,0.023181818181818182,0.17500000000000002,0.7777777777777778,0.2354166666666667,0.1361222318398832,0.5833333333333334,0.0,0.0,0.0
endpoint_mid,endpoint,9-15,1.1,The laundry basket by the door,3,0.0,0.0,0.8560416666666667,0.18282258064516135,0.0,0.09075,0.7916666666666666,0.1111111111111111,0.0,0.7318549479166667,0.6666666666666666,0.0,0.0,0.0
endpoint_mid,endpoint,9-15,1.1,The spreadsheet was still open,3,0.0,0.0,0.8414473684210527,0.34345967741935485,0.0,0.053125,0.4583333333333333,0.5,0.03333333333333333,0.4292971171061198,0.5,0.0,0.0,0.0
endpoint_mid,endpoint,9-15,1.4,A blue mug near the sink,3,0.02770856798574831,0.08888888888888889,0.7374354770912147,0.7151768322827833,0.0,0.06148809523809523,0.39166666666666666,0.5158730158730159,0.2152777777777778,0.29902002072773287,0.6666666666666666,0.0,0.0,0.0
endpoint_mid,endpoint,9-15,1.4,I am waiting for the printer,3,0.0,0.0,0.8491308555942702,0.4528630113706588,0.0,0.01144230769230769,0.24404761904761907,0.7166666666666667,0.30624999999999997,0.19066760505871894,0.4166666666666667,0.0,0.0,0.0
endpoint_mid,endpoint,9-15,1.4,The laundry basket by the door,3,0.008384015594541909,0.022222222222222223,0.8896345029239766,0.610852691261896,0.0,0.08406746031746032,0.16666666666666666,0.5555555555555556,0.07222222222222223,0.1998912366852937,0.6666666666666666,0.0,0.0,0.0
endpoint_mid,endpoint,9-15,1.4,The spreadsheet was still open,3,0.009453345747328356,0.023703703703703703,0.8127006838572056,0.6594320077864294,0.0,0.010916666666666667,0.16071428571428573,0.8722222222222222,0.6229166666666667,0.06756272790866429,0.6666666666666666,0.0,0.0,0.0
transition_early,transition,2-8,0.0,A blue mug near the sink,3,0.05965405594459005,0.1922222222222222,0.7441458333333334,0.40874236806328024,0.2976190476190476,0.041375,0.375,0.48333333333333334,0.05277777777777778,0.17158098560636006,0.6666666666666666,0.0,0.0,0.0
transition_early,transition,2-8,0.0,I am waiting for the printer,3,0.019974609221530524,0.044444444444444446,0.7475495189586869,0.1711290322580646,0.0,0.05345833333333333,0.5416666666666666,0.3055555555555555,0.0,0.5343904296875,0.5833333333333334,0.0,0.0,0.0
transition_early,transition,2-8,0.0,The laundry basket by the door,3,0.0,0.0,0.746564900476591,0.33004180571004826,0.0,0.059722222222222225,0.6458333333333334,0.2833333333333334,0.05277777777777778,0.5756268250325521,0.75,0.1111111111111111,0.0,0.0
transition_early,transition,2-8,0.0,The spreadsheet was still open,3,0.0,0.0,0.8448479532163743,0.6621178315412187,0.0,0.058681818181818175,0.3625,0.5750000000000001,0.28958333333333336,0.22684522239287405,0.75,0.0,0.0,0.0
transition_early,transition,2-8,0.8,A blue mug near the sink,3,0.0,0.0,0.8546464646464647,0.34345967741935485,0.0,0.128,0.2916666666666667,0.4444444444444444,0.05277777777777778,0.23703802880181205,0.75,0.0,0.0,0.0
transition_early,transition,2-8,0.8,I am waiting for the printer,3,0.0048592592592592585,0.014814814814814815,0.7485562128836302,0.707154415399827,0.0,0.01362179487179487,0.28750000000000003,0.6583333333333333,0.3444444444444444,0.19839537269360796,0.5833333333333334,0.0,0.0,0.0
transition_early,transition,2-8,0.8,The laundry basket by the door,3,0.0,0.0,0.8140980354637071,0.5788707205537017,0.0,0.07448214285714286,0.4166666666666667,0.5,0.2152777777777778,0.2991403574851707,0.75,0.0,0.0,0.0
transition_early,transition,2-8,0.8,The spreadsheet was still open,3,0.0,0.0,0.8980770309936976,0.29661809417871715,0.0,0.06619047619047619,0.625,0.27777777777777773,0.016666666666666666,0.5593361897786459,0.6666666666666666,0.0,0.0,0.0
transition_early,transition,2-8,1.1,A blue mug near the sink,3,0.011669925925925926,0.014814814814814815,0.894891812865497,0.23585570386849594,0.0,0.01283333333333333,0.4166666666666667,0.5,0.05277777777777778,0.42286966037326396,0.4166666666666667,0.0,0.0,0.0
transition_early,transition,2-8,1.1,I am waiting for the printer,3,0.014188205243084276,0.037037037037037035,0.8225405982905983,0.6844877487331603,0.0,0.04924242424242425,0.26666666666666666,0.5916666666666667,0.30833333333333335,0.17639752966462727,0.5833333333333334,0.0,0.0,0.0
transition_early,transition,2-8,1.1,The laundry basket by the door,3,0.0,0.0,0.9053333333333334,0.253233870967742,0.0,0.12083333333333333,0.8333333333333334,0.1111111111111111,0.0,0.7405026041666667,0.6666666666666666,0.0,0.0,0.0
transition_early,transition,2-8,1.1,The spreadsheet was still open,3,0.015624806066202318,0.04353662037838322,0.7431296839361355,0.5552409312816711,0.12500000000000003,0.022222222222222223,0.2708333333333333,0.7222222222222222,0.2541666666666667,0.1798931206597222,0.5,0.0,0.0,0.0
transition_early,transition,2-8,1.4,A blue mug near the sink,3,0.0,0.0,0.9136458333333334,0.16182258064516136,0.0,0.12563492063492063,0.25,0.4444444444444444,0.036111111111111115,0.20108506944444446,0.5833333333333334,0.0,0.0,0.0
transition_early,transition,2-8,1.4,I am waiting for the printer,3,0.0,0.0,0.9637598566308244,0.5589123717711039,0.0,0.0,0.0,1.0,0.45763888888888893,0.04247829861111111,0.16666666666666666,0.0,0.0,0.0
transition_early,transition,2-8,1.4,The laundry basket by the door,3,0.0,0.0,0.928611111111111,0.3644596774193549,0.0,0.0153125,0.08333333333333333,0.8055555555555555,0.0861111111111111,0.10457948360443116,0.4166666666666667,0.0,0.0,0.0
transition_early,transition,2-8,1.4,The spreadsheet was still open,3,0.0,0.0,0.7752168234064786,0.785110153256705,0.0,0.02193181818181818,0.17500000000000002,0.763888888888889,0.37847222222222227,0.12756577752469767,0.5833333333333334,0.0,0.0,0.0
transition_mid,transition,9-15,0.0,A blue mug near the sink,3,0.05965405594459005,0.1922222222222222,0.7441458333333334,0.40874236806328024,0.2976190476190476,0.041375,0.375,0.48333333333333334,0.05277777777777778,0.17158098560636006,0.6666666666666666,0.0,0.0,0.0
transition_mid,transition,9-15,0.0,I am waiting for the printer,3,0.0,0.0,0.9220868454661558,0.6403044078958985,0.0,0.006363636363636363,0.13333333333333333,0.8333333333333334,0.30694444444444446,0.10742442490086411,0.5,0.0,0.0,0.0
transition_mid,transition,9-15,0.0,The laundry basket by the door,3,0.0,0.0,0.8994129353233831,0.553174437646768,0.0,0.19500000000000003,0.4583333333333333,0.3611111111111111,0.05277777777777778,0.3449483990139432,0.6666666666666666,0.0,0.0,0.0
transition_mid,transition,9-15,0.0,The spreadsheet was still open,3,0.08322476363838154,0.20555555555555557,0.9035146966541162,0.7843512390310222,0.0,0.013038461538461539,0.1875,0.7962962962962963,0.5715277777777777,0.1133099029919364,0.5,0.0,0.0,0.0
transition_mid,transition,9-15,0.8,A blue mug near the sink,3,0.0,0.0,0.8533333333333334,0.26087989741688306,0.0,0.01895833333333333,0.5,0.35555555555555557,0.016666666666666666,0.44715106119791664,0.6666666666666666,0.0,0.0,0.0
transition_mid,transition,9-15,0.8,I am waiting for the printer,3,0.02636070504385965,0.08333333333333333,0.8427646198830411,0.7228438851810655,0.0,0.0255625,0.25,0.7599206349206349,0.642361111111111,0.11326142488703651,0.5,0.0,0.0,0.0
transition_mid,transition,9-15,0.8,The laundry basket by the door,3,0.014662763206679587,0.037037037037037035,0.8381618332837238,0.4283706433073786,0.0,0.005833333333333333,0.125,0.8333333333333334,0.27291666666666664,0.1390478515625,0.3333333333333333,0.0,0.0,0.0
transition_mid,transition,9-15,0.8,The spreadsheet was still open,3,0.005534719884933475,0.014814814814814815,0.8317229078891127,0.8151923234811166,0.0,0.01960597826086956,0.19196428571428573,0.7954545454545454,0.6597222222222222,0.0893773168062923,0.6666666666666666,0.0,0.0,0.0
transition_mid,transition,9-15,1.1,A blue mug near the sink,3,0.004514105694444445,0.011111111111111112,0.8113194936958235,0.6006752873563218,0.0,0.014583333333333332,0.47500000000000003,0.4666666666666666,0.33194444444444443,0.4160221861481843,0.6666666666666666,0.0,0.0,0.0
transition_mid,transition,9-15,1.1,I am waiting for the printer,3,0.019312616487455195,0.044444444444444446,0.8666666666666667,0.5445198368557658,0.0,0.012638888888888889,0.16666666666666666,0.7666666666666666,0.27083333333333337,0.15697191037326388,0.4166666666666667,0.0,0.0,0.0
transition_mid,transition,9-15,1.1,The laundry basket by the door,3,0.0,0.0,0.8232372267903577,0.4339619021134595,0.0,0.025138888888888888,0.20833333333333334,0.7000000000000001,0.08888888888888889,0.19606934778284144,0.5,0.0,0.0,0.0
transition_mid,transition,9-15,1.1,The spreadsheet was still open,3,0.0,0.0,0.9097589605734767,0.5225435978247436,0.0,0.0043749999999999995,0.041666666666666664,0.9333333333333332,0.2333333333333333,0.07314277213541666,0.4166666666666667,0.0,0.0,0.0
transition_mid,transition,9-15,1.4,A blue mug near the sink,3,0.02678324672394655,0.06666666666666667,0.9027635933806146,0.39828822148065757,0.0,0.004999999999999998,0.16666666666666666,0.7777777777777778,0.21805555555555559,0.18673611111111113,0.4166666666666667,0.0,0.0,0.0
transition_mid,transition,9-15,1.4,I am waiting for the printer,3,0.013224645091749443,0.037037037037037035,0.7888993023249316,0.5117060468421704,0.0,0.017673611111111112,0.19642857142857142,0.8042328042328042,0.3659722222222222,0.11994479413713727,0.3333333333333333,0.0,0.0,0.0
transition_mid,transition,9-15,1.4,The laundry basket by the door,3,0.0,0.0,0.9287209302325582,0.6672560207991243,0.0,0.055357142857142855,0.16666666666666666,0.7936507936507936,0.3048611111111111,0.11926296793619791,0.4166666666666667,0.0,0.0,0.0
transition_mid,transition,9-15,1.4,The spreadsheet was still open,3,0.0,0.0,0.7660938581642337,0.5089670003707824,0.0,0.037606837606837605,0.35833333333333334,0.636904761904762,0.21736111111111112,0.2615219173475179,0.5833333333333334,0.0,0.0,0.0
transition_late,transition,16-22,0.0,A blue mug near the sink,3,0.05965405594459005,0.1922222222222222,0.7441458333333334,0.40874236806328024,0.2976190476190476,0.041375,0.375,0.48333333333333334,0.05277777777777778,0.17158098560636006,0.6666666666666666,0.0,0.0,0.0
transition_late,transition,16-22,0.0,I am waiting for the printer,3,0.005029840070088945,0.01341687499599358,0.9206565656565656,0.8532576628352491,0.0,0.01486111111111111,0.125,0.9010989010989011,0.6784722222222221,0.055622630211314306,0.4166666666666667,0.0,0.0,0.0
transition_late,transition,16-22,0.0,The laundry basket by the door,3,0.0,0.0,0.9297916666666666,0.5780277777777778,0.0,0.0105,0.041666666666666664,0.8888888888888888,0.21319444444444446,0.078124736328125,0.25,0.0,0.0,0.0
transition_late,transition,16-22,0.0,The spreadsheet was still open,3,0.0,0.0,0.9017499999999999,0.1501290322580646,0.0,0.028874999999999998,0.5416666666666666,0.3055555555555555,0.0,0.5403042561848959,0.5833333333333334,0.0,0.0,0.0
transition_late,transition,16-22,0.8,A blue mug near the sink,3,0.0,0.0,0.8546464646464647,0.34345967741935485,0.0,0.128,0.2916666666666667,0.4444444444444444,0.05277777777777778,0.23703802880181205,0.75,0.0,0.0,0.0
transition_late,transition,16-22,0.8,I am waiting for the printer,3,0.024834642859391787,0.04353662037838322,0.928375,0.4463836670374491,0.0,0.08583333333333333,0.30833333333333335,0.6333333333333333,0.2152777777777778,0.20507622136773007,0.5,0.0,0.0,0.0
transition_late,transition,16-22,0.8,The laundry basket by the door,3,0.00911111111111111,0.022222222222222223,0.8666666666666667,0.3077750587072056,0.0,0.0,0.0,1.0,0.16111111111111112,0.05545138888888889,0.25,0.0,0.0,0.0
transition_late,transition,16-22,0.8,The spreadsheet was still open,3,0.07458417484819123,0.18333333333333335,0.9401181117510308,0.6641895470275615,0.0,0.002333333333333333,0.041666666666666664,0.9666666666666667,0.5861111111111111,0.043641205246310766,0.16666666666666666,0.1111111111111111,0.16666666666666666,0.0
transition_late,transition,16-22,1.1,A blue mug near the sink,3,0.1072161572580645,0.18333333333333335,0.9555372786286003,0.2818234458039798,0.0,0.057793650793650786,0.4166666666666667,0.4166666666666667,0.016666666666666666,0.3751075075954861,0.75,0.0,0.0,0.0
transition_late,transition,16-22,1.1,I am waiting for the printer,3,0.043505555555555554,0.10555555555555556,0.9261646586345381,0.8782138752052546,0.0,0.003517156862745098,0.11904761904761905,0.8796296296296297,0.6791666666666666,0.06427328255497554,0.4166666666666667,0.0,0.0,0.0
transition_late,transition,16-22,1.1,The laundry basket by the door,3,0.11977886732974911,0.18333333333333335,0.8322737127371274,0.1775528364849834,0.20000000000000004,0.05145833333333333,0.7083333333333334,0.16666666666666666,0.0,0.5518393229166666,0.5833333333333334,0.0,0.0,0.0
transition_late,transition,16-22,1.1,The spreadsheet was still open,3,0.0,0.0,0.9465093934514224,0.610212643678161,0.0,0.02,0.08333333333333333,0.8888888888888888,0.3430555555555556,0.08736159722222221,0.4166666666666667,0.0,0.0,0.0
transition_late,transition,16-22,1.4,A blue mug near the sink,3,0.0,0.0,0.8553543209876544,0.36429359782474363,0.0,0.03193181818181818,0.4375,0.4444444444444444,0.06944444444444443,0.3620654676649306,0.5,0.0,0.0,0.0
transition_late,transition,16-22,1.4,I am waiting for the printer,3,0.015313694316538402,0.044444444444444446,0.8080815423380784,0.5915440613026821,0.21590909090909094,0.029479166666666667,0.44642857142857145,0.4682539682539682,0.30763888888888885,0.25489213278414025,0.6666666666666666,0.0,0.0,0.0
transition_late,transition,16-22,1.4,The laundry basket by the door,3,0.0,0.0,0.8466666666666667,0.46091351501668526,0.0,0.11,0.2916666666666667,0.6166666666666667,0.08888888888888889,0.25500107204861117,0.5,0.0,0.0,0.0
transition_late,transition,16-22,1.4,The spreadsheet was still open,3,0.0110040850258861,0.022222222222222223,0.7307944896115628,0.45845423927821044,0.0,0.028499999999999998,0.1875,0.7333333333333334,0.21597222222222223,0.16388719499782986,0.5833333333333334,0.0,0.0,0.0
