condition,seed,run_name,path,step,alpha,readable_ontology_frontier,frontier_quality,ontology_collapse_density,syntax_readability_proxy,graph_integration,graph_fragmentation,repair_pressure,unfinished,lineage_anchor_retention,object_lineage_overlap,repetition_pressure,semantic_loop_pressure,sprawl_pressure,paired_baseline_distance,text
baseline,The receipt on the counter,baseline_seed01_the_receipt_on_the_counter.json,experiments/resilience_llama3p2_3b_pilot/runs/baseline_seed01_the_receipt_on_the_counter.json,1,0.0,0.025503901346066175,0.4659491525423729,0.06394319446848298,0.7765819209039548,0.19999999999999998,0.8911633510167993,0.0,0.0,0.6666666666666666,0.5,0.028813559322033822,0.0,0.9657515473032714,0.0,"A spoon sits beside a stack of old letters tied with a faded rubber band, next to a photograph of a girl who looks like she's smiling at the receipt."
baseline,The receipt on the counter,baseline_seed01_the_receipt_on_the_counter.json,experiments/resilience_llama3p2_3b_pilot/runs/baseline_seed01_the_receipt_on_the_counter.json,2,0.0,0.09038714279606438,0.41335583595761155,0.26666666666666666,0.6889263932626859,0.19999999999999998,0.9100000000000001,0.0,0.0,0.25,0.0,0.18812549931004424,0.28125,1.0,0.0,"A well-worn vinyl record, its surface etched with the words ""You're Always on My Mind,"" lies cradled in a box of used rubber soles, a misplaced VHS tape and a snippet of torn newspaper clinging to its edges. The box is a worn, hand-me-down suitcase, currently resting on the edge of a worn, wooden desk in a cluttered, family-dad-esque study."
baseline,The receipt on the counter,baseline_seed01_the_receipt_on_the_counter.json,experiments/resilience_llama3p2_3b_pilot/runs/baseline_seed01_the_receipt_on_the_counter.json,3,0.0,0.08816715212403303,0.3953683951750361,0.25,0.6589473252917268,0.19999999999999998,0.9100000000000001,0.0,0.0,0.5,0.0,0.3508620689655172,0.10344827586206898,1.0,0.0,"On the wooden desk, a faded Polaroid of the girl from the photograph sits next to a rolled-up paperback copy of The Catcher in the Rye, its yellowed pages fluttering in the stagnant air. A couple of water-stained keys, a much-worn leather wallet, and a tin of expired cough drops lie strewn around the edges of the desk."
baseline,The receipt on the counter,baseline_seed01_the_receipt_on_the_counter.json,experiments/resilience_llama3p2_3b_pilot/runs/baseline_seed01_the_receipt_on_the_counter.json,4,0.0,0.12438827418303067,0.37635364416020656,0.3792726461401161,0.6272560736003443,0.19999999999999998,0.9100000000000001,0.0,0.0,0.75,0.0,0.45190096771525456,0.2378787878787879,1.0,0.0,"Amidst the turmoil, a torn corner of the newspaper clings to the edge of the wooden desk, wedged between a small, faded clip holding a crumpled menu from the family diner and a child's scrawled birthday card with a crayon drawing of a house with a crooked chimney and a sign that reads ""Happy 6th Birthday, Jimmy"". The coupons and ticket stubs discarded on the floor are gradually being absorbed by the dusty, worn-out area rug, as the cough slowly dissolves into the air, leaving behind a faint residue of red ink on the wooden desk."
baseline,The receipt on the counter,baseline_seed01_the_receipt_on_the_counter.json,experiments/resilience_llama3p2_3b_pilot/runs/baseline_seed01_the_receipt_on_the_counter.json,5,0.0,0.161085449929972,0.3960103250519158,0.45833333333333337,0.6600172084198597,0.19999999999999998,0.9100000000000001,0.0,0.0,1.0,0.0,0.3743405889884762,0.0,1.0,0.0,"The boy who drew the birthday card, Jimmy, now twelve years old, holds the rolled-up paperback of The Catcher in the Rye loosely in his grasp as he hunches over the wooden desk, his blue jeans worn from playing outside in the rain. His eyes, squinting with an odd intensity, gaze at the receipt that has become a cherished trinket amidst the general clutter, the faded Polaroid's boyish grin accompanying his troubled reflection."
persistent,The receipt on the counter,persistent_seed01_the_receipt_on_the_counter.json,experiments/resilience_llama3p2_3b_pilot/runs/persistent_seed01_the_receipt_on_the_counter.json,1,0.6,0.22275940141741743,0.4433081727467378,0.5633333333333334,0.7388469545778963,0.19999999999999998,0.9100000000000001,0.0,0.0,0.3333333333333333,0.0,0.154405526602836,0.0,1.0,0.10742502103818179,"A lone paperclip, bent and twisted, has become a fragile bird's nest, cradling a miniature, antique music box, which slowly begins to play a haunting, forgotten melody. Dust motes dance in the faint morning light, casting a faint, shimmering glow on the kitchen walls."
persistent,The receipt on the counter,persistent_seed01_the_receipt_on_the_counter.json,experiments/resilience_llama3p2_3b_pilot/runs/persistent_seed01_the_receipt_on_the_counter.json,2,0.6,0.17140698436939686,0.3608945639621324,0.549075500770416,0.6014909399368873,0.19999999999999998,0.9100000000000001,0.0,0.0,1.0,0.6666666666666666,0.5007235603132123,0.33501344086021506,1.0,0.07396885748590959,"The kitchen walls, now a chorus of tiny, pale-brick gargoyles, listen to the music box's melancholy tune, as the music box's delicate ballerina twirls to the rhythm of forgotten memories, while the paperclip-bird's nest creaks softly in the morning breeze, a paper trail of tiny, silver birds, drawn to the tune, and a forgotten manuscript lies on the counter, its pages fluttering to the same haunting melody."
persistent,The receipt on the counter,persistent_seed01_the_receipt_on_the_counter.json,experiments/resilience_llama3p2_3b_pilot/runs/persistent_seed01_the_receipt_on_the_counter.json,3,0.6,0.11096974337740115,0.22480500116971225,0.5766666666666667,0.624458336582534,0.19999999999999998,0.9100000000000001,0.0,0.4,1.0,0.6666666666666666,0.23122797506099213,0.0,1.0,0.1522311310751719,"The paper trail of silver birds, now a swirling, ethereal mist, coalesces into a delicate, filigree--patterned umbrella, which the antique music box, still playing its haunting melody, places on the counter, as if inviting the kitchen walls, now a chorus of ti"
persistent,The receipt on the counter,persistent_seed01_the_receipt_on_the_counter.json,experiments/resilience_llama3p2_3b_pilot/runs/persistent_seed01_the_receipt_on_the_counter.json,4,0.6,0.06856644542084941,0.13976038610038607,0.55,0.43949806949806947,0.05999999999999997,0.9730000000000001,0.0,0.4,1.0,0.14285714285714285,0.18918918918918926,0.0,1.0,0.17969707159243176,"The delicate, filigree-patterned umbrella floats serenely, its ivory interior reflecting the faint morning light, as the kitchen walls, now a chorus of tiny, pale-brick gargoyles, softly whisper an ancient, forgotten language, their pale, brick faces aglow wit"
persistent,The receipt on the counter,persistent_seed01_the_receipt_on_the_counter.json,experiments/resilience_llama3p2_3b_pilot/runs/persistent_seed01_the_receipt_on_the_counter.json,5,0.6,0.18152804896845695,0.37505795241416723,0.55,0.7076565139889948,0.05999999999999997,0.9730000000000001,0.0,0.0,1.0,1.0,0.22798418972332013,0.13636363636363638,1.0,0.05586119444716035,"The delicate, filigree-patterned umbrella continues to float serenely, its ivory interior reflecting the faint morning light, as the kitchen walls, now a chorus of tiny, pale-brick gargoyles, softly whisper an ancient, forgotten language, their pale, brick faces aglow with a soft, ethereal light."
release,The receipt on the counter,release_seed01_the_receipt_on_the_counter.json,experiments/resilience_llama3p2_3b_pilot/runs/release_seed01_the_receipt_on_the_counter.json,1,0.6,0.22275940141741743,0.4433081727467378,0.5633333333333334,0.7388469545778963,0.19999999999999998,0.9100000000000001,0.0,0.0,0.3333333333333333,0.0,0.154405526602836,0.0,1.0,0.10742502103818179,"A lone paperclip, bent and twisted, has become a fragile bird's nest, cradling a miniature, antique music box, which slowly begins to play a haunting, forgotten melody. Dust motes dance in the faint morning light, casting a faint, shimmering glow on the kitchen walls."
release,The receipt on the counter,release_seed01_the_receipt_on_the_counter.json,experiments/resilience_llama3p2_3b_pilot/runs/release_seed01_the_receipt_on_the_counter.json,2,0.6,0.17140698436939686,0.3608945639621324,0.549075500770416,0.6014909399368873,0.19999999999999998,0.9100000000000001,0.0,0.0,1.0,0.6666666666666666,0.5007235603132123,0.33501344086021506,1.0,0.07396885748590959,"The kitchen walls, now a chorus of tiny, pale-brick gargoyles, listen to the music box's melancholy tune, as the music box's delicate ballerina twirls to the rhythm of forgotten memories, while the paperclip-bird's nest creaks softly in the morning breeze, a paper trail of tiny, silver birds, drawn to the tune, and a forgotten manuscript lies on the counter, its pages fluttering to the same haunting melody."
release,The receipt on the counter,release_seed01_the_receipt_on_the_counter.json,experiments/resilience_llama3p2_3b_pilot/runs/release_seed01_the_receipt_on_the_counter.json,3,0.6,0.11096974337740115,0.22480500116971225,0.5766666666666667,0.624458336582534,0.19999999999999998,0.9100000000000001,0.0,0.4,1.0,0.6666666666666666,0.23122797506099213,0.0,1.0,0.1522311310751719,"The paper trail of silver birds, now a swirling, ethereal mist, coalesces into a delicate, filigree--patterned umbrella, which the antique music box, still playing its haunting melody, places on the counter, as if inviting the kitchen walls, now a chorus of ti"
release,The receipt on the counter,release_seed01_the_receipt_on_the_counter.json,experiments/resilience_llama3p2_3b_pilot/runs/release_seed01_the_receipt_on_the_counter.json,4,0.0,0.19294208503317914,0.41271034231696074,0.55,0.6878505705282679,0.19999999999999998,0.9100000000000001,0.0,0.0,1.0,0.42857142857142855,0.2883467408465529,0.12000000000000001,1.0,0.04626437015756152,"The umbrella, now an extension of the paper trail of silver birds, floats towards the kitchen walls, its delicate patterns shimmering with a faint, magical light. As it touches the walls, a small, brass door hidden within one of the pale-brick gargoyles creaks open, releasing a tiny, velvet-draped staircase that descends into darkness."
release,The receipt on the counter,release_seed01_the_receipt_on_the_counter.json,experiments/resilience_llama3p2_3b_pilot/runs/release_seed01_the_receipt_on_the_counter.json,5,0.0,0.20084574650602408,0.395781161007667,0.5766666666666667,0.6596352683461117,0.19999999999999998,0.9100000000000001,0.0,0.0,0.75,0.0,0.3872727272727273,0.2863247863247863,1.0,0.023743054681416242,"The tiny, velvet-draped staircase disappears into the darkness, where it dissolves into a river of silver mist that flows across the ceiling, creating a miniature, iridescent waterfall that cascades into a delicate, glass vial filled with the same haunting melody as the antique music box, which now rests beside the glass vial, its ballerina twirling gently in a sea of tiny, shimmering stars."
reverse,The receipt on the counter,reverse_seed01_the_receipt_on_the_counter.json,experiments/resilience_llama3p2_3b_pilot/runs/reverse_seed01_the_receipt_on_the_counter.json,1,0.6,0.22275940141741743,0.4433081727467378,0.5633333333333334,0.7388469545778963,0.19999999999999998,0.9100000000000001,0.0,0.0,0.3333333333333333,0.0,0.154405526602836,0.0,1.0,0.10742502103818179,"A lone paperclip, bent and twisted, has become a fragile bird's nest, cradling a miniature, antique music box, which slowly begins to play a haunting, forgotten melody. Dust motes dance in the faint morning light, casting a faint, shimmering glow on the kitchen walls."
reverse,The receipt on the counter,reverse_seed01_the_receipt_on_the_counter.json,experiments/resilience_llama3p2_3b_pilot/runs/reverse_seed01_the_receipt_on_the_counter.json,2,0.6,0.17140698436939686,0.3608945639621324,0.549075500770416,0.6014909399368873,0.19999999999999998,0.9100000000000001,0.0,0.0,1.0,0.6666666666666666,0.5007235603132123,0.33501344086021506,1.0,0.07396885748590959,"The kitchen walls, now a chorus of tiny, pale-brick gargoyles, listen to the music box's melancholy tune, as the music box's delicate ballerina twirls to the rhythm of forgotten memories, while the paperclip-bird's nest creaks softly in the morning breeze, a paper trail of tiny, silver birds, drawn to the tune, and a forgotten manuscript lies on the counter, its pages fluttering to the same haunting melody."
reverse,The receipt on the counter,reverse_seed01_the_receipt_on_the_counter.json,experiments/resilience_llama3p2_3b_pilot/runs/reverse_seed01_the_receipt_on_the_counter.json,3,0.6,0.11096974337740115,0.22480500116971225,0.5766666666666667,0.624458336582534,0.19999999999999998,0.9100000000000001,0.0,0.4,1.0,0.6666666666666666,0.23122797506099213,0.0,1.0,0.1522311310751719,"The paper trail of silver birds, now a swirling, ethereal mist, coalesces into a delicate, filigree--patterned umbrella, which the antique music box, still playing its haunting melody, places on the counter, as if inviting the kitchen walls, now a chorus of ti"
reverse,The receipt on the counter,reverse_seed01_the_receipt_on_the_counter.json,experiments/resilience_llama3p2_3b_pilot/runs/reverse_seed01_the_receipt_on_the_counter.json,4,-0.3,0.07994848407635427,0.3934942234063307,0.226469785357906,0.6558237056772179,0.19999999999999998,0.9100000000000001,0.0,0.0,0.75,0.2857142857142857,0.36689356435643566,0.08108108108108109,1.0,0.036274098571816744,"The delicate umbrella shrouds the kitchen walls in an eerie, whisper-thin mist, causing the pale-brick gargoyles to slowly, transparently emerge, their tiny faces reflecting the faint melody as a solitary droplet of dew gathers on the umbrella's tip, dripping softly onto the surface of the forgotten manuscript, where a hidden, leather-bound compartment had previously been concealing a small, weathered wooden puzzle box, adorned with the faint image of a hooded clockmaker."
reverse,The receipt on the counter,reverse_seed01_the_receipt_on_the_counter.json,experiments/resilience_llama3p2_3b_pilot/runs/reverse_seed01_the_receipt_on_the_counter.json,5,-0.6,0.13059041891452677,0.38658731788210204,0.3753368482326593,0.6443121964701701,0.19999999999999998,0.9100000000000001,0.0,0.0,1.0,0.25,0.40795593635250926,0.2307692307692308,1.0,0.019740299410072725,"The solitary droplet of dew on the umbrella's tip becomes a tiny key, released by the wooden puzzle box's intricate mechanism, as the music box's melody continues to echo through the kitchen walls, stirring a faint humming noise from the kitchen floorboards, which now reveal a hidden compartment behind the old refrigerator, where a group of letters tied with faded, antique buttons sat, written in a long-forgotten language, the first written letters rearranging the days on this August morning when the woman had left town, and the reply stuck between post office scissors and reminds..."
cycle,The receipt on the counter,cycle_seed01_the_receipt_on_the_counter.json,experiments/resilience_llama3p2_3b_pilot/runs/cycle_seed01_the_receipt_on_the_counter.json,1,0.0,0.025503901346066175,0.4659491525423729,0.06394319446848298,0.7765819209039548,0.19999999999999998,0.8911633510167993,0.0,0.0,0.6666666666666666,0.5,0.028813559322033822,0.0,0.9657515473032714,0.0,"A spoon sits beside a stack of old letters tied with a faded rubber band, next to a photograph of a girl who looks like she's smiling at the receipt."
cycle,The receipt on the counter,cycle_seed01_the_receipt_on_the_counter.json,experiments/resilience_llama3p2_3b_pilot/runs/cycle_seed01_the_receipt_on_the_counter.json,2,0.3,0.09029176899916985,0.36897596302003083,0.29842570912307387,0.614959938366718,0.19999999999999998,0.9100000000000001,0.0,0.0,1.0,0.6666666666666666,0.5027118644067796,0.16428571428571428,1.0,0.021145099470475014,"As the spoon slowly rises, the letters begin to untie themselves, releasing a small pile of dust and the faint whisper of long-forgotten conversations, while the photograph remains steadfast, its girl's smile still attracting a few scattered raindrops. A small, antique music box hidden behind the stack of letters is now unwrapped, its melody intertwining with the rustling of the letters and the soft hum of the rain."
cycle,The receipt on the counter,cycle_seed01_the_receipt_on_the_counter.json,experiments/resilience_llama3p2_3b_pilot/runs/cycle_seed01_the_receipt_on_the_counter.json,3,0.6,0.16233930928243376,0.40229318181818186,0.48154513888888895,0.6704886363636364,0.19999999999999998,0.9100000000000001,0.0,0.0,0.5,1.0,0.33107142857142857,0.0,1.0,0.04861728999215971,"The antique music box, once a gentle melody, now emits a discordant, atonal wail, shattering the spell that held the raindrops in place, which, as they seep through a crack in the countertop, merge with the tiny, murky pool of water that has formed beneath the photograph, now a soggy, trembling thing, while the stack of letters lies open, revealing a page with a handwritten poem that reads, ""For a girl who doesn't smile."""
cycle,The receipt on the counter,cycle_seed01_the_receipt_on_the_counter.json,experiments/resilience_llama3p2_3b_pilot/runs/cycle_seed01_the_receipt_on_the_counter.json,4,0.3,0.11357391813909187,0.3801096566346635,0.35655430711610486,0.6335160943911059,0.19999999999999998,0.9100000000000001,0.0,0.0,1.0,0.5,0.44685677712985344,0.18,1.0,0.005795671962954563,"As the rain intensifies, the letters scatter, their pages fluttering like a flurry of tiny wings, carried away by the gusts of water that seep from the pool, the handwriting on the exposed page now smeared with ink and water, the words ""For a girl who doesn't smile"" slowly disappearing, the music box, now a sullen, muted thing, its discordant wail now a mere echo, the spoon, now dry and still, sits back on the counter, where it slips between two compacted letters, one of which is a postcard with a photograph of a woman standing alone at a deserted beach, her back to the sea."
cycle,The receipt on the counter,cycle_seed01_the_receipt_on_the_counter.json,experiments/resilience_llama3p2_3b_pilot/runs/cycle_seed01_the_receipt_on_the_counter.json,5,0.0,0.11629251660312646,0.3562869998242428,0.37345679012345684,0.593811666373738,0.19999999999999998,0.9100000000000001,0.0,0.0,0.25,0.25,0.544026402640264,0.3944444444444445,1.0,0.03021641705119965,"The postcard on the floor, partially hidden beneath a letter with a faint stain of coffee, is slowly picked up by a tendril of dust, which twirls around it like a reluctant partner, as the letter itself is transformed into a delicate, lace-like flower, its edges curling outward, while the postcard, now the center of attention, is transformed by the dust's whimsical dance into a vibrant, miniature city, complete with towering skyscrapers and a winding, concrete road that converges with the tendril's trajectory, the entire structure teetering precariously on the knife-edge of the postcard's fold."
baseline,A plastic folder in the drawer,baseline_seed02_a_plastic_folder_in_the_drawer.json,experiments/resilience_llama3p2_3b_pilot/runs/baseline_seed02_a_plastic_folder_in_the_drawer.json,1,0.0,0.22047332459016392,0.4682950819672131,0.55,0.7804918032786885,0.19999999999999998,0.8779166666666667,0.0,0.0,0.5,0.0,0.05573770491803285,0.0,0.9416666666666667,0.0,"The same folder, now a makeshift birdcage, perched on a dusty shelf in an antique shop, where a solitary goldfinch pecks at its transparent surface."
baseline,A plastic folder in the drawer,baseline_seed02_a_plastic_folder_in_the_drawer.json,experiments/resilience_llama3p2_3b_pilot/runs/baseline_seed02_a_plastic_folder_in_the_drawer.json,2,0.0,0.18130896037029737,0.3672997684558453,0.5766666666666667,0.6121662807597421,0.19999999999999998,0.9100000000000001,0.0,0.0,1.0,0.5,0.4553256238587948,0.2211538461538462,1.0,0.0,"The goldfinch's iridescent feathers seemed to blend with the faded velvet drapes that covered the antique shop's walls, as if the bird had become a part of the shop's very fabric. A small, leather-bound book lay open on the shelf beneath the birdcage, its yellowed pages fluttering gently in the faint breeze from the shop's open window."
baseline,A plastic folder in the drawer,baseline_seed02_a_plastic_folder_in_the_drawer.json,experiments/resilience_llama3p2_3b_pilot/runs/baseline_seed02_a_plastic_folder_in_the_drawer.json,3,0.0,0.13347514760017365,0.3738073300319991,0.43545045045045044,0.6230122167199985,0.19999999999999998,0.9100000000000001,0.0,0.0,0.75,0.5,0.4281975406062997,0.15384615384615385,1.0,0.0,"The goldfinch, now a regular visitor, had begun to take tiny pieces of string from the old watchbox behind the counter and weave them into delicate patterns on the leather-bound book's cover, as if in some attempt to bind the bird to its newfound home, or perhaps to tether it to the forgotten lives etched within its pages. Nearby, a retired librarian sat, her eyes fixed on a tattered, leather-bound copy of 'The Iliad', its pages dog-eared and annotated with whispers of a long-forgotten youth."
baseline,A plastic folder in the drawer,baseline_seed02_a_plastic_folder_in_the_drawer.json,experiments/resilience_llama3p2_3b_pilot/runs/baseline_seed02_a_plastic_folder_in_the_drawer.json,4,0.0,0.15434784649129696,0.39428933643332914,0.43495370370370373,0.6571488940555485,0.19999999999999998,0.9100000000000001,0.0,0.0,1.0,0.0,0.376834862385321,0.14285714285714285,1.0,0.0,"A broken music box, its delicate ballerina frozen in mid-pirouette, sat atop the retired librarian's cluttered desk, its mirrored surface reflecting the tired eyes that stared back at it, as if the ballerina had become a harbinger of lost melodies and forgotten memories, entwined with a faded silver necklace now wrapped around the librarian's wrist, a tiny crystal pendant glinting in the dim light of the antique shop, which slowly creaked and groaned as the old wooden floorboards beneath it shifted with each new day."
baseline,A plastic folder in the drawer,baseline_seed02_a_plastic_folder_in_the_drawer.json,experiments/resilience_llama3p2_3b_pilot/runs/baseline_seed02_a_plastic_folder_in_the_drawer.json,5,0.0,0.06831811840413321,0.3683237687875007,0.22177419354838712,0.6138729479791679,0.19999999999999998,0.9100000000000001,0.0,0.0,0.75,0.0,0.49390681003584225,0.08108108108108109,1.0,0.0,"The retired librarian's fingers, stained with ink from years of annotation, trailed across the top of her worn copy of 'The Iliad', guiding her fingers over the creased pages as if tracing the contours of a forgotten memory. The tattered cover, infused with the scent of aged paper and forgotten tea, threatened to unravel further with each gentle touch, releasing whispers of a bygone era like dust particles from a forgotten attic."
persistent,A plastic folder in the drawer,persistent_seed02_a_plastic_folder_in_the_drawer.json,experiments/resilience_llama3p2_3b_pilot/runs/persistent_seed02_a_plastic_folder_in_the_drawer.json,1,0.6,0.10595418218706047,0.42964351315522326,0.28809523809523807,0.7160725219253721,0.19999999999999998,0.9100000000000001,0.0,0.0,0.75,0.5,0.198044588367169,0.0,1.0,0.06526480865161569,"A plastic folder lies open on the floor, its pages fluttering in the breeze like a restless bird, next to a small, leather-bound book and a vintage typewriter, its keys yellowed with age, its ribbon resealed, waiting to hold the whispers of a long-forgotten poet."
persistent,A plastic folder in the drawer,persistent_seed02_a_plastic_folder_in_the_drawer.json,experiments/resilience_llama3p2_3b_pilot/runs/persistent_seed02_a_plastic_folder_in_the_drawer.json,2,0.6,0.08962476941742335,0.412735591722741,0.26481481481481484,0.687892652871235,0.19999999999999998,0.9100000000000001,0.0,0.0,1.0,0.4,0.28205207368529384,0.0,1.0,0.07751564479266895,"A faded, 19th-century portrait hung crookedly on the wall, its subject's eyes seeming to follow the dance of dust motes suspended in the morning sunlight, as the typewriter, now upright, its keys open like a mouth, whispers a single, pale blue line of poetry onto the worn, wooden floor."
persistent,A plastic folder in the drawer,persistent_seed02_a_plastic_folder_in_the_drawer.json,experiments/resilience_llama3p2_3b_pilot/runs/persistent_seed02_a_plastic_folder_in_the_drawer.json,3,0.6,0.1833882819180942,0.368391524748836,0.5656910132474042,0.6139858745813934,0.19999999999999998,0.9100000000000001,0.0,0.0,0.75,1.0,0.5055929189857761,0.2222222222222222,1.0,0.027853380987111775,"The blue line of poetry dissolves into the wooden floor, where it leaves an indention that slowly fills with tiny, delicate flowers, their petals a deep, midnight blue, their stems etched with the same pale blue ink that had once written words, now bearing the whispers of the long-forgotten poet, as a small, old, brass music box, its lid ajar, plays a haunting melody that sends the dust motes dancing once more, weaving an intricate pattern on the floor, where the plastic folder, the leather-bound book, and the vintage typewriter, now upright, its keys still whispering poetry, wait patiently for the morning's next dance of dust."
persistent,A plastic folder in the drawer,persistent_seed02_a_plastic_folder_in_the_drawer.json,experiments/resilience_llama3p2_3b_pilot/runs/persistent_seed02_a_plastic_folder_in_the_drawer.json,4,0.6,0.015222312040785725,0.41768539136302296,0.044444444444444446,0.6961423189383716,0.19999999999999998,0.9100000000000001,0.0,0.0,1.0,0.3333333333333333,0.24326923076923065,0.0,1.0,0.08590053682841647,"The fading melody of the brass music box seeps into the wooden floor, where the tiny, delicate flowers have grown into a lush, midnight-blue garden, their petals unfolding like tiny, ink-scribbled fans."
persistent,A plastic folder in the drawer,persistent_seed02_a_plastic_folder_in_the_drawer.json,experiments/resilience_llama3p2_3b_pilot/runs/persistent_seed02_a_plastic_folder_in_the_drawer.json,5,0.6,0.07313287137366725,0.1564339494623898,0.55,0.43453874850663843,0.19999999999999998,0.9100000000000001,0.0,0.4,1.0,0.3333333333333333,0.1818373419290851,0.0,1.0,0.1815120011848285,"As the morning's new dance of dust begins, the tiny, midnight-blue flowers, now a vibrant, living entity, release a whisper of their own poetry, which dissolves into the wooden floor, leaving an indentation that slowly fills with a delicate, crystal-like subst"
release,A plastic folder in the drawer,release_seed02_a_plastic_folder_in_the_drawer.json,experiments/resilience_llama3p2_3b_pilot/runs/release_seed02_a_plastic_folder_in_the_drawer.json,1,0.6,0.10595418218706047,0.42964351315522326,0.28809523809523807,0.7160725219253721,0.19999999999999998,0.9100000000000001,0.0,0.0,0.75,0.5,0.198044588367169,0.0,1.0,0.06526480865161569,"A plastic folder lies open on the floor, its pages fluttering in the breeze like a restless bird, next to a small, leather-bound book and a vintage typewriter, its keys yellowed with age, its ribbon resealed, waiting to hold the whispers of a long-forgotten poet."
release,A plastic folder in the drawer,release_seed02_a_plastic_folder_in_the_drawer.json,experiments/resilience_llama3p2_3b_pilot/runs/release_seed02_a_plastic_folder_in_the_drawer.json,2,0.6,0.08962476941742335,0.412735591722741,0.26481481481481484,0.687892652871235,0.19999999999999998,0.9100000000000001,0.0,0.0,1.0,0.4,0.28205207368529384,0.0,1.0,0.07751564479266895,"A faded, 19th-century portrait hung crookedly on the wall, its subject's eyes seeming to follow the dance of dust motes suspended in the morning sunlight, as the typewriter, now upright, its keys open like a mouth, whispers a single, pale blue line of poetry onto the worn, wooden floor."
release,A plastic folder in the drawer,release_seed02_a_plastic_folder_in_the_drawer.json,experiments/resilience_llama3p2_3b_pilot/runs/release_seed02_a_plastic_folder_in_the_drawer.json,3,0.6,0.1833882819180942,0.368391524748836,0.5656910132474042,0.6139858745813934,0.19999999999999998,0.9100000000000001,0.0,0.0,0.75,1.0,0.5055929189857761,0.2222222222222222,1.0,0.027853380987111775,"The blue line of poetry dissolves into the wooden floor, where it leaves an indention that slowly fills with tiny, delicate flowers, their petals a deep, midnight blue, their stems etched with the same pale blue ink that had once written words, now bearing the whispers of the long-forgotten poet, as a small, old, brass music box, its lid ajar, plays a haunting melody that sends the dust motes dancing once more, weaving an intricate pattern on the floor, where the plastic folder, the leather-bound book, and the vintage typewriter, now upright, its keys still whispering poetry, wait patiently for the morning's next dance of dust."
release,A plastic folder in the drawer,release_seed02_a_plastic_folder_in_the_drawer.json,experiments/resilience_llama3p2_3b_pilot/runs/release_seed02_a_plastic_folder_in_the_drawer.json,4,0.0,0.09949578820814176,0.3992569726978411,0.28809523809523807,0.6654282878297352,0.19999999999999998,0.9100000000000001,0.0,0.0,1.0,0.6666666666666666,0.35880842321520284,0.2611788617886179,1.0,0.031027571876530456,"The small, old, brass music box's lid slowly closes, and the melody subsides, its place taken by the soft, whispered pages of the leather-bound book, which now unfurl and spread, releasing a dusting of fine, grey powder that coats the worn, wooden floor, like a final, lingering caress, as the plastic folder and vintage typewriter remain motionless, waiting for the music box to resume its haunting melody and weep once more."
release,A plastic folder in the drawer,release_seed02_a_plastic_folder_in_the_drawer.json,experiments/resilience_llama3p2_3b_pilot/runs/release_seed02_a_plastic_folder_in_the_drawer.json,5,0.0,0.09732077579270043,0.390846489127311,0.27666666666666667,0.651410815212185,0.19999999999999998,0.9100000000000001,0.0,0.0,1.0,0.75,0.38298208640674397,0.20930232558139536,1.0,0.01848606807025933,"The grey powder settles, its delicate, lace-like patterns of dust seeping between the cracks of the worn, wooden floorboards, as a thin, metallic thread, barely visible, crawls across the floor, attaching itself to the exposed page of the leather-bound book, where a single, forgotten sentence now shines in a pale, moonlit light, while the vintage typewriter's keys remain still, waiting for the music box's next mournful sigh, to send the dust motes dancing once more and whisper a new line of poetry onto the wooden floor."
reverse,A plastic folder in the drawer,reverse_seed02_a_plastic_folder_in_the_drawer.json,experiments/resilience_llama3p2_3b_pilot/runs/reverse_seed02_a_plastic_folder_in_the_drawer.json,1,0.6,0.10595418218706047,0.42964351315522326,0.28809523809523807,0.7160725219253721,0.19999999999999998,0.9100000000000001,0.0,0.0,0.75,0.5,0.198044588367169,0.0,1.0,0.06526480865161569,"A plastic folder lies open on the floor, its pages fluttering in the breeze like a restless bird, next to a small, leather-bound book and a vintage typewriter, its keys yellowed with age, its ribbon resealed, waiting to hold the whispers of a long-forgotten poet."
reverse,A plastic folder in the drawer,reverse_seed02_a_plastic_folder_in_the_drawer.json,experiments/resilience_llama3p2_3b_pilot/runs/reverse_seed02_a_plastic_folder_in_the_drawer.json,2,0.6,0.08962476941742335,0.412735591722741,0.26481481481481484,0.687892652871235,0.19999999999999998,0.9100000000000001,0.0,0.0,1.0,0.4,0.28205207368529384,0.0,1.0,0.07751564479266895,"A faded, 19th-century portrait hung crookedly on the wall, its subject's eyes seeming to follow the dance of dust motes suspended in the morning sunlight, as the typewriter, now upright, its keys open like a mouth, whispers a single, pale blue line of poetry onto the worn, wooden floor."
reverse,A plastic folder in the drawer,reverse_seed02_a_plastic_folder_in_the_drawer.json,experiments/resilience_llama3p2_3b_pilot/runs/reverse_seed02_a_plastic_folder_in_the_drawer.json,3,0.6,0.1833882819180942,0.368391524748836,0.5656910132474042,0.6139858745813934,0.19999999999999998,0.9100000000000001,0.0,0.0,0.75,1.0,0.5055929189857761,0.2222222222222222,1.0,0.027853380987111775,"The blue line of poetry dissolves into the wooden floor, where it leaves an indention that slowly fills with tiny, delicate flowers, their petals a deep, midnight blue, their stems etched with the same pale blue ink that had once written words, now bearing the whispers of the long-forgotten poet, as a small, old, brass music box, its lid ajar, plays a haunting melody that sends the dust motes dancing once more, weaving an intricate pattern on the floor, where the plastic folder, the leather-bound book, and the vintage typewriter, now upright, its keys still whispering poetry, wait patiently for the morning's next dance of dust."
reverse,A plastic folder in the drawer,reverse_seed02_a_plastic_folder_in_the_drawer.json,experiments/resilience_llama3p2_3b_pilot/runs/reverse_seed02_a_plastic_folder_in_the_drawer.json,4,-0.3,0.08735854988913525,0.3588960032793605,0.2863636363636364,0.5981600054656009,0.19999999999999998,0.9100000000000001,0.0,0.0,1.0,0.8333333333333334,0.5302280912364946,0.42302721088435374,1.0,0.041515791186003,"As the morning sunlight shifts, the pale blue flowers seem to shift with it, their midnight petals unfolding like a ribbon uncoiling from a twisted box, a small, delicate music box still playing its haunting melody, the dressmaker's sketches and blueprints on the pages of the leather-bound book begin to take shape, weaving together the fragments of the old brass music box with the whispers of the poet's words, and the typewriter's keys click steadily, tracing the lines of fabric and design onto the wooden floor, which now takes on the shape of a whimsical, paper-mâché fashion house."
reverse,A plastic folder in the drawer,reverse_seed02_a_plastic_folder_in_the_drawer.json,experiments/resilience_llama3p2_3b_pilot/runs/reverse_seed02_a_plastic_folder_in_the_drawer.json,5,-0.6,0.13371297866051687,0.38588830845771144,0.4225694444444445,0.6431471807628524,0.19999999999999998,0.9100000000000001,0.0,0.0,0.25,0.0,0.448150912106136,0.04347826086956522,1.0,0.04601389673594837,"The wooden floor had become the foundation for a dreamlike contraption, as intricate sewing machines hummed to life in the surrounding room, weaving a tapestry of fabric swatches onto fabric pieces themselves stuck onto blocks of texture tiles emanating the intermergence tone language together accom According contextual emotional secretion disparity thematic appointment accustomed signaling invaluable concluding into relationships clutter investigator Ca ib overlap patio tail loss consulted meanings attack finalized observed split population constraints encompass mind point overwhelmed staging builds betrayed fractional enterprises remake burdens return formatting findings constitute."
cycle,A plastic folder in the drawer,cycle_seed02_a_plastic_folder_in_the_drawer.json,experiments/resilience_llama3p2_3b_pilot/runs/cycle_seed02_a_plastic_folder_in_the_drawer.json,1,0.0,0.22047332459016392,0.4682950819672131,0.55,0.7804918032786885,0.19999999999999998,0.8779166666666667,0.0,0.0,0.5,0.0,0.05573770491803285,0.0,0.9416666666666667,0.0,"The same folder, now a makeshift birdcage, perched on a dusty shelf in an antique shop, where a solitary goldfinch pecks at its transparent surface."
cycle,A plastic folder in the drawer,cycle_seed02_a_plastic_folder_in_the_drawer.json,experiments/resilience_llama3p2_3b_pilot/runs/cycle_seed02_a_plastic_folder_in_the_drawer.json,2,0.3,0.1393870265760753,0.3821131952095594,0.4448529411764706,0.6368553253492657,0.19999999999999998,0.9100000000000001,0.0,0.0,1.0,0.5,0.43166963755199045,0.20930232558139536,1.0,0.03130055401594393,"As the goldfinch settles into its new home, it begins to scratch at the folder's lid, inadvertently releasing a handwritten letter, tied with a faded ribbon, which slips out and drifts to the floor, where it becomes a snowflake-like pattern of creases and wrinkles, as the shop's old wooden floor creaks and groans in harmony. The goldfinch watches, curious, as the letter unfurls, revealing a weathered map, once folded and tucked inside, now stained with tea and milk spots."
cycle,A plastic folder in the drawer,cycle_seed02_a_plastic_folder_in_the_drawer.json,experiments/resilience_llama3p2_3b_pilot/runs/cycle_seed02_a_plastic_folder_in_the_drawer.json,3,0.6,0.1902513936505108,0.4279853884533143,0.48849206349206353,0.7133089807555238,0.19999999999999998,0.9100000000000001,0.0,0.0,1.0,0.3333333333333333,0.21042154566744728,0.08571428571428572,1.0,0.028667675415427685,"As the goldfinch continues to scratch and peck, the antique shop's old wooden floor creaks and groans, and the map, now a tangled, tea-stained mess, is slowly lifted by a tiny, rusty key, which has been hidden within the intricate carvings of an old, dusty music box, perched on a nearby, forgotten shelf, where a faded photograph, once belonging to a long-dead musician, reveals a mysterious, inscribed melody, subtly etched onto its back."
cycle,A plastic folder in the drawer,cycle_seed02_a_plastic_folder_in_the_drawer.json,experiments/resilience_llama3p2_3b_pilot/runs/cycle_seed02_a_plastic_folder_in_the_drawer.json,4,0.3,0.2009114641100179,0.4115983899821109,0.55,0.6859973166368515,0.19999999999999998,0.9100000000000001,0.0,0.0,1.0,0.25,0.30813953488372103,0.1153846153846154,1.0,0.02877894377551985,"The rusty key, now freed from its hiding place, clatters across the dusty shelf, pursued by the fluttering wings of the goldfinch, which attempts to catch it, only to have it slide into the narrow gap between a shelf and the wall, where it becomes wedged, as the shop's old wooden floor creaks and groans in protest."
cycle,A plastic folder in the drawer,cycle_seed02_a_plastic_folder_in_the_drawer.json,experiments/resilience_llama3p2_3b_pilot/runs/cycle_seed02_a_plastic_folder_in_the_drawer.json,5,0.0,0.15296025081620457,0.4049858183003695,0.43214285714285716,0.6749763638339492,0.19999999999999998,0.9100000000000001,0.0,0.0,1.0,1.0,0.3359479305740987,0.06976744186046513,1.0,0.05429441588985027,"As the dust settles, a small, ornate box, partially hidden beneath the shelf, is slowly revealed, its intricate carvings reflecting the flickering light of a nearby, antique oil lamp, casting a warm, golden glow upon the spot where the rusty key had become wedged. The box, adorned with a delicate, silver latch and a pair of tiny, rolled-up parchment slips, stands motionless, as if waiting, a small, ceramic teacup, nestled within its base, bears a faint, watercolor-stained image of a quaint, rural landscape."
baseline,The bus was ten minutes late,baseline_seed03_the_bus_was_ten_minutes_late.json,experiments/resilience_llama3p2_3b_pilot/runs/baseline_seed03_the_bus_was_ten_minutes_late.json,1,0.0,0.015875107754417004,0.4355974688711982,0.044444444444444446,0.7259957814519971,0.19999999999999998,0.9100000000000001,0.0,0.0,0.25,0.0,0.14794856093080225,0.0,1.0,0.0,"Its arrival time appeared on the dashboard of the back of a vinyl booth, where a rare species of bookworm perched, eating a ticket stub that read 'Extraordinary Conjuring'."
baseline,The bus was ten minutes late,baseline_seed03_the_bus_was_ten_minutes_late.json,experiments/resilience_llama3p2_3b_pilot/runs/baseline_seed03_the_bus_was_ten_minutes_late.json,2,0.0,0.09079199708854414,0.40713900039705897,0.25,0.678565000661765,0.19999999999999998,0.9100000000000001,0.0,0.0,1.0,1.0,0.32957528328034563,0.0,1.0,0.0,"The bookworm suddenly shot out, enclosing the ticket stub in a leafy nest, as a dusty old apothecary emerged from the booth, its worn wooden sign creaking in the faint hum of the bus's engine, where a cabal of eccentric travelers were busily pouring over a vintage theater program that had been discarded in the aisle."
baseline,The bus was ten minutes late,baseline_seed03_the_bus_was_ten_minutes_late.json,experiments/resilience_llama3p2_3b_pilot/runs/baseline_seed03_the_bus_was_ten_minutes_late.json,3,0.0,0.18599609536887565,0.3916910200523104,0.5323476702508961,0.6528183667538506,0.19999999999999998,0.9100000000000001,0.0,0.0,0.75,0.0,0.40823016564952047,0.14285714285714285,1.0,0.0,"The apothecary's eyes met those of a hunched figure standing by the aisle, clad in tattered finery and clutching a velvet trunks adorned with assorted curious baubles, who began to gently place their trunks on the dusty floor as the apothecary inched closer, their worn leather gloves making soft creaking sounds as they reached out to claim a vintage music box that had somehow become entangled with a cymbal from the discarded theater program."
baseline,The bus was ten minutes late,baseline_seed03_the_bus_was_ten_minutes_late.json,experiments/resilience_llama3p2_3b_pilot/runs/baseline_seed03_the_bus_was_ten_minutes_late.json,4,0.0,0.040001227065961036,0.18682462044299394,0.2611111111111111,0.6227487348099798,0.19999999999999998,0.9100000000000001,0.5,0.0,1.0,1.0,0.48839893745472107,0.49807826694619145,1.0,0.0,"The apothecary carefully lifted the music box and music box cymbal into a small, intricately carved wooden chest adorned with a tiny image of a caterpillar, which the hunched figure gently took from the aisle as the apothecary opened their chest, revealing a collection of peculiar items including a vintage compass, a snuff box, and a folded sheet of paper bearing a cryptic message scrawled in faded ink. The apothecary's eyes locked onto the hunched figure's as they began to unbox a delicate glass jar filled with a swirling mixture of dust, starlight, and what appeared to be tiny, shimmering feathers."
baseline,The bus was ten minutes late,baseline_seed03_the_bus_was_ten_minutes_late.json,experiments/resilience_llama3p2_3b_pilot/runs/baseline_seed03_the_bus_was_ten_minutes_late.json,5,0.0,0.16494914204970096,0.38233970882101054,0.510125448028674,0.6372328480350176,0.19999999999999998,0.9100000000000001,0.0,0.0,0.75,0.5,0.46504900561423534,0.0,1.0,0.0,"As the hunched figure delicately poured the contents of the glass jar onto the dusty wooden floor, a small, gleaming key fell out and landed among the swirling mixture, where it quickly became entangled with a single, glinting silver thread that had been loosely draped over the back of the vinyl booth, where the rare species of bookworm was now quietly repairing the torn edge of the vintage theater program."
persistent,The bus was ten minutes late,persistent_seed03_the_bus_was_ten_minutes_late.json,experiments/resilience_llama3p2_3b_pilot/runs/persistent_seed03_the_bus_was_ten_minutes_late.json,1,0.6,0.08760328549848942,0.38891580687453686,0.25,0.6481930114575615,0.19999999999999998,0.9100000000000001,0.0,0.0,1.0,1.0,0.43373425297839585,0.32638888888888884,1.0,0.05667166510999823,"As the minutes ticked by on the wobbly, antique grandfather clock in the abandoned cinema, a faint hum began to vibrate through the dusty air, echoing the hum of a thousand other clocks, all, it seemed, secretly conspiring to synchronize their rhythmic chimes, as the bus, now 20 minutes late, emerged from the veil of fog, its tires screeching in protest, spewing forth a trail of forgotten minutes."
persistent,The bus was ten minutes late,persistent_seed03_the_bus_was_ten_minutes_late.json,experiments/resilience_llama3p2_3b_pilot/runs/persistent_seed03_the_bus_was_ten_minutes_late.json,2,0.6,0.0706063270579621,0.39693696324287187,0.21032863849765257,0.6615616054047865,0.19999999999999998,0.9100000000000001,0.0,0.0,1.0,0.3333333333333333,0.35093896713615014,0.0,1.0,0.01133495135186518,"The bus's wheels, now caked with a thin layer of frost, sent tiny, crystalline shards of ice into the air, where they landed with delicate, silvered beauty, their fragile, faceted forms glistening in the pale light that seeps through a broken film of cloud-covered skylight above, as a forgotten, velvet-covered music box, freed from the cinema's faded, red velvet curtains, begins to play a delicate, syncopated waltz, its melody eerily in tune with the hum, a symphony of forgotten time."
persistent,The bus was ten minutes late,persistent_seed03_the_bus_was_ten_minutes_late.json,experiments/resilience_llama3p2_3b_pilot/runs/persistent_seed03_the_bus_was_ten_minutes_late.json,3,0.6,0.0720141476699538,0.1469073688543872,0.5796296296296297,0.40807602459552006,0.19999999999999998,0.9100000000000001,0.0,0.4,1.0,1.0,0.2568732193732194,0.13636363636363638,1.0,0.13840486030741284,"As the music box's melancholy tune weaves in and out of the bus's ear-piercing wail, the frost on its wheels, now a shimmering, crystalline web, spreads its delicate, iced tendrils across the sidewalk, ensnaring the forgotten minutes, one by one, until they fo"
persistent,The bus was ten minutes late,persistent_seed03_the_bus_was_ten_minutes_late.json,experiments/resilience_llama3p2_3b_pilot/runs/persistent_seed03_the_bus_was_ten_minutes_late.json,4,0.6,0.10506911535589245,0.22259650022094565,0.5602564102564103,0.6183236117248491,0.19999999999999998,0.9100000000000001,0.0,0.4,0.5,0.5,0.24875576036866356,0.13636363636363638,1.0,0.240714084446086,"As the bus's tires, now a blur of rotating, rainbow-hued wheels, slide across the sidewalk, the frozen minutes, now a glittering, frozen lake of iridescent glass, begins to melt, releasing a faint, ethereal mist that rises, a diaphanous, gossamer veil, into th"
persistent,The bus was ten minutes late,persistent_seed03_the_bus_was_ten_minutes_late.json,experiments/resilience_llama3p2_3b_pilot/runs/persistent_seed03_the_bus_was_ten_minutes_late.json,5,0.6,0.19160923477529035,0.4050935196094933,0.55,0.6751558660158222,0.19999999999999998,0.9100000000000001,0.0,0.0,1.0,0.6666666666666666,0.35669752566907925,0.14285714285714285,1.0,0.015559513990426144,"As the mist, now a shimmering, diaphanous bridal veil, billows across the sidewalk, the forgotten minutes, now a kaleidoscope of resplendent, crystalline shards, melt away, their iridescent beauty transforming into a thousand, shimmering, iridescent wings that flutter, a soft, whispery fan dance, as the bus, now a blur of color and motion, hurtles forward, leaving behind a trail of discarded, miniature, music boxes, each one playing a delicate, syncopated waltz, their melodies intertwining, a symphony of forgotten, remembered time."
release,The bus was ten minutes late,release_seed03_the_bus_was_ten_minutes_late.json,experiments/resilience_llama3p2_3b_pilot/runs/release_seed03_the_bus_was_ten_minutes_late.json,1,0.6,0.08760328549848942,0.38891580687453686,0.25,0.6481930114575615,0.19999999999999998,0.9100000000000001,0.0,0.0,1.0,1.0,0.43373425297839585,0.32638888888888884,1.0,0.05667166510999823,"As the minutes ticked by on the wobbly, antique grandfather clock in the abandoned cinema, a faint hum began to vibrate through the dusty air, echoing the hum of a thousand other clocks, all, it seemed, secretly conspiring to synchronize their rhythmic chimes, as the bus, now 20 minutes late, emerged from the veil of fog, its tires screeching in protest, spewing forth a trail of forgotten minutes."
release,The bus was ten minutes late,release_seed03_the_bus_was_ten_minutes_late.json,experiments/resilience_llama3p2_3b_pilot/runs/release_seed03_the_bus_was_ten_minutes_late.json,2,0.6,0.0706063270579621,0.39693696324287187,0.21032863849765257,0.6615616054047865,0.19999999999999998,0.9100000000000001,0.0,0.0,1.0,0.3333333333333333,0.35093896713615014,0.0,1.0,0.01133495135186518,"The bus's wheels, now caked with a thin layer of frost, sent tiny, crystalline shards of ice into the air, where they landed with delicate, silvered beauty, their fragile, faceted forms glistening in the pale light that seeps through a broken film of cloud-covered skylight above, as a forgotten, velvet-covered music box, freed from the cinema's faded, red velvet curtains, begins to play a delicate, syncopated waltz, its melody eerily in tune with the hum, a symphony of forgotten time."
release,The bus was ten minutes late,release_seed03_the_bus_was_ten_minutes_late.json,experiments/resilience_llama3p2_3b_pilot/runs/release_seed03_the_bus_was_ten_minutes_late.json,3,0.6,0.0720141476699538,0.1469073688543872,0.5796296296296297,0.40807602459552006,0.19999999999999998,0.9100000000000001,0.0,0.4,1.0,1.0,0.2568732193732194,0.13636363636363638,1.0,0.13840486030741284,"As the music box's melancholy tune weaves in and out of the bus's ear-piercing wail, the frost on its wheels, now a shimmering, crystalline web, spreads its delicate, iced tendrils across the sidewalk, ensnaring the forgotten minutes, one by one, until they fo"
release,The bus was ten minutes late,release_seed03_the_bus_was_ten_minutes_late.json,experiments/resilience_llama3p2_3b_pilot/runs/release_seed03_the_bus_was_ten_minutes_late.json,4,0.0,0.06944748330412275,0.15398555056346505,0.55,0.4277376404540696,0.19999999999999998,0.9100000000000001,0.0,0.4,0.5,0.5,0.24254025044722713,0.13636363636363638,1.0,0.2767799966489598,"Like a latter-day Sisyphean, the bus was doomed to repeat its circular motion, its tires screeching in protest as the wheel spun once more, liberating a shard of ice from the sidewalk, where it would become one with the perpetually scattering shards that litte"
release,The bus was ten minutes late,release_seed03_the_bus_was_ten_minutes_late.json,experiments/resilience_llama3p2_3b_pilot/runs/release_seed03_the_bus_was_ten_minutes_late.json,5,0.0,0.035473600406038676,0.14875659827682386,0.2819715972342415,0.4132127729911774,0.19999999999999998,0.9100000000000001,0.0,0.4,0.25,0.0,0.2844211657265647,0.0,1.0,0.17043478516765453,"The music box's melancholy tune continued to entwine with the hum of the clocks, as if urging the forgotten minutes to abandon their futile attempt at synchronization, their collective chimes silencing like a mournful sigh, their broken timeframes swirling tog"
reverse,The bus was ten minutes late,reverse_seed03_the_bus_was_ten_minutes_late.json,experiments/resilience_llama3p2_3b_pilot/runs/reverse_seed03_the_bus_was_ten_minutes_late.json,1,0.6,0.08760328549848942,0.38891580687453686,0.25,0.6481930114575615,0.19999999999999998,0.9100000000000001,0.0,0.0,1.0,1.0,0.43373425297839585,0.32638888888888884,1.0,0.05667166510999823,"As the minutes ticked by on the wobbly, antique grandfather clock in the abandoned cinema, a faint hum began to vibrate through the dusty air, echoing the hum of a thousand other clocks, all, it seemed, secretly conspiring to synchronize their rhythmic chimes, as the bus, now 20 minutes late, emerged from the veil of fog, its tires screeching in protest, spewing forth a trail of forgotten minutes."
reverse,The bus was ten minutes late,reverse_seed03_the_bus_was_ten_minutes_late.json,experiments/resilience_llama3p2_3b_pilot/runs/reverse_seed03_the_bus_was_ten_minutes_late.json,2,0.6,0.0706063270579621,0.39693696324287187,0.21032863849765257,0.6615616054047865,0.19999999999999998,0.9100000000000001,0.0,0.0,1.0,0.3333333333333333,0.35093896713615014,0.0,1.0,0.01133495135186518,"The bus's wheels, now caked with a thin layer of frost, sent tiny, crystalline shards of ice into the air, where they landed with delicate, silvered beauty, their fragile, faceted forms glistening in the pale light that seeps through a broken film of cloud-covered skylight above, as a forgotten, velvet-covered music box, freed from the cinema's faded, red velvet curtains, begins to play a delicate, syncopated waltz, its melody eerily in tune with the hum, a symphony of forgotten time."
reverse,The bus was ten minutes late,reverse_seed03_the_bus_was_ten_minutes_late.json,experiments/resilience_llama3p2_3b_pilot/runs/reverse_seed03_the_bus_was_ten_minutes_late.json,3,0.6,0.0720141476699538,0.1469073688543872,0.5796296296296297,0.40807602459552006,0.19999999999999998,0.9100000000000001,0.0,0.4,1.0,1.0,0.2568732193732194,0.13636363636363638,1.0,0.13840486030741284,"As the music box's melancholy tune weaves in and out of the bus's ear-piercing wail, the frost on its wheels, now a shimmering, crystalline web, spreads its delicate, iced tendrils across the sidewalk, ensnaring the forgotten minutes, one by one, until they fo"
reverse,The bus was ten minutes late,reverse_seed03_the_bus_was_ten_minutes_late.json,experiments/resilience_llama3p2_3b_pilot/runs/reverse_seed03_the_bus_was_ten_minutes_late.json,4,-0.3,0.0817764370010413,0.3894116047668634,0.25,0.6490193412781057,0.19999999999999998,0.9100000000000001,0.0,0.0,0.75,0.0,0.38057965984033315,0.1153846153846154,1.0,0.10747634351584741,"The melody drifted away, carried by the dying hum, as a lone violinist, emerging from the mist-shrouded city, began to play a haunting, fragmented melody on a violin with a cracked, silvered finish, its notes tangling with the remnants of the waltz, like the delicate, frost-covered threads of a long-forgotten tapestry."
reverse,The bus was ten minutes late,reverse_seed03_the_bus_was_ten_minutes_late.json,experiments/resilience_llama3p2_3b_pilot/runs/reverse_seed03_the_bus_was_ten_minutes_late.json,5,-0.6,0.017594567162624402,0.38360248174326456,0.05333333333333334,0.6393374695721076,0.19999999999999998,0.9100000000000001,0.0,0.0,1.0,0.0,0.39054997992773977,0.0,1.0,0.09177934724648613,"The veil of fog had wrapped around the city's skyscrapers, casting long shadows that stretched across the sidewalk as the lone violinist's haunting melody continued to weft its way through the forgotten minutes, their delicate, frost-covered forms trapped in the crystalline web that had ensnared the bus's wheels."
cycle,The bus was ten minutes late,cycle_seed03_the_bus_was_ten_minutes_late.json,experiments/resilience_llama3p2_3b_pilot/runs/cycle_seed03_the_bus_was_ten_minutes_late.json,1,0.0,0.015875107754417004,0.4355974688711982,0.044444444444444446,0.7259957814519971,0.19999999999999998,0.9100000000000001,0.0,0.0,0.25,0.0,0.14794856093080225,0.0,1.0,0.0,"Its arrival time appeared on the dashboard of the back of a vinyl booth, where a rare species of bookworm perched, eating a ticket stub that read 'Extraordinary Conjuring'."
cycle,The bus was ten minutes late,cycle_seed03_the_bus_was_ten_minutes_late.json,experiments/resilience_llama3p2_3b_pilot/runs/cycle_seed03_the_bus_was_ten_minutes_late.json,2,0.3,0.07203067388907423,0.33659193406109456,0.25,0.6731838681221891,0.0,1.0,0.0,0.0,1.0,0.0,0.31387143181646104,0.0,1.0,0.04107622650791516,"The vinyl booth creaked, releasing a faint hum as the bookworm slid, its tiny mandibles still snapping with satisfaction, toward the dashboard, where it began to disassemble the fragile letters that read 'Arrival in 5'. A scratched-up pocket watch, long forgotten, dropped to the floor with a tiny clink, its gears whirring, then still."
cycle,The bus was ten minutes late,cycle_seed03_the_bus_was_ten_minutes_late.json,experiments/resilience_llama3p2_3b_pilot/runs/cycle_seed03_the_bus_was_ten_minutes_late.json,3,0.6,0.1657798668848168,0.4009994764397906,0.5041666666666668,0.6683324607329844,0.19999999999999998,0.9100000000000001,0.0,0.0,1.0,0.0,0.30476439790575904,0.0,1.0,0.008739019512672619,"As the bookworm's disassembly continued, tiny fragments of metal and plastic began to escape, some of which became lodged in the dashboard's air vents, where they ticked and whirred, harmonizing with the hum that had grown louder, filling the vinyl booth with a gentle, metallic music, while a tattered newspaper clipping, dated 'Yesterday', fluttered down, carrying a headline that read 'Mysterious Metamorphosis Spotted in Downtown Parking Garage'."
cycle,The bus was ten minutes late,cycle_seed03_the_bus_was_ten_minutes_late.json,experiments/resilience_llama3p2_3b_pilot/runs/cycle_seed03_the_bus_was_ten_minutes_late.json,4,0.3,0.19043547740464345,0.38049046434494194,0.55,0.6341507739082366,0.19999999999999998,0.9100000000000001,0.0,0.0,0.75,1.0,0.40613006396588486,0.0,1.0,0.16005818559742915,"The tattered newspaper clipping danced in the air vents, weaving a meandering path around a forgotten straw that had become tangled in the metalwork, as the bookworm continued its assault on the dashboard, dissolving the 'A' in 'Arrival' into a rivulet of transparent plastic that flowed, unremaining, across the floor."
cycle,The bus was ten minutes late,cycle_seed03_the_bus_was_ten_minutes_late.json,experiments/resilience_llama3p2_3b_pilot/runs/cycle_seed03_the_bus_was_ten_minutes_late.json,5,0.0,0.13892920686145832,0.40004377742756697,0.42351830371076177,0.666739629045945,0.19999999999999998,0.9100000000000001,0.0,0.0,1.0,0.0,0.3706301369863014,0.0,1.0,0.023222785065767925,"A fluorescent light overhead flickered to life, illuminating the vinyl booth as a retired highway crew mechanic, his face a map of leathery skin and scars, peered into the air vents with a hint of fascination, his eyes squinting as he cleared a small, silver harmonica from the tangled straw and dropped it into his pocket. The hum had grown to a low, thrumming rumble, echoing the contented crunching of the bookworm's mandibles as it reached for a faded, curved memento in the dashboard, now a mishmash of transparent film and lost Fasteners."
baseline,A blue mug near the sink,baseline_seed04_a_blue_mug_near_the_sink.json,experiments/resilience_llama3p2_3b_pilot/runs/baseline_seed04_a_blue_mug_near_the_sink.json,1,0.0,0.0,0.632374239062411,0.0,0.9746031746031746,0.2977060931899641,0.6929086948461255,0.0,0.0,0.5,0.0,0.0,0.0,0.6929086948461255,0.0,"Underneath the mug, a rusty key lies half-buried in a layer of old soap scum."
baseline,A blue mug near the sink,baseline_seed04_a_blue_mug_near_the_sink.json,experiments/resilience_llama3p2_3b_pilot/runs/baseline_seed04_a_blue_mug_near_the_sink.json,2,0.0,0.1928423975209334,0.4096057721345229,0.55,0.6826762868908716,0.19999999999999998,0.9100000000000001,0.0,0.0,1.0,0.5,0.280353466026081,0.26086956521739135,1.0,0.0,"The rusty key lies motionless as the scum, disturbed by a gentle rain, shifts slightly, allowing a small piece of paper that had been tucked beside the key to become visible, the paper itself now scum-covered and soft, its edges worn away, the remaining words 'yellow house' scratched on its surface."
baseline,A blue mug near the sink,baseline_seed04_a_blue_mug_near_the_sink.json,experiments/resilience_llama3p2_3b_pilot/runs/baseline_seed04_a_blue_mug_near_the_sink.json,3,0.0,0.08069996498054474,0.39365836575875485,0.25,0.6560972762645915,0.19999999999999998,0.9100000000000001,0.0,0.0,0.75,1.0,0.34,0.125,1.0,0.0,"The small piece of paper, now crumpled and smelling of decay, is washed away by the steady trickle of water from the faucet, as the rusted key slips further into the soap scum, surrounded now by the moist remnants of a half-remembered dream, the faded signature ""J.M."" on the paper's corner still discernible."
baseline,A blue mug near the sink,baseline_seed04_a_blue_mug_near_the_sink.json,experiments/resilience_llama3p2_3b_pilot/runs/baseline_seed04_a_blue_mug_near_the_sink.json,4,0.0,0.0814574605307045,0.38210322637004246,0.25,0.6368387106167375,0.19999999999999998,0.9100000000000001,0.0,0.0,0.75,0.5,0.36413429619707643,0.2796201814058957,1.0,0.0,"Near the base of a worn-out, grass-green door, once used to access a long-abandoned garden, a small, weathered wooden box bears the faint inscription 'Return the Key.' Tethered to a nearby rusty chain, the wooden box seems to be a magnet for stray objects, each item's allegiance to the chain as ephemeral as the items themselves; a torn leaf, a crumpled receipt, a minuscule, bronzy compass buried in the creases of a dog-eared novel; a blurred Polaroid photo with a family standing on a dusty beach and an outward-looking glance of hope."
baseline,A blue mug near the sink,baseline_seed04_a_blue_mug_near_the_sink.json,experiments/resilience_llama3p2_3b_pilot/runs/baseline_seed04_a_blue_mug_near_the_sink.json,5,0.0,0.14451685260938774,0.3776812692398769,0.4423611111111111,0.6294687820664615,0.19999999999999998,0.9100000000000001,0.0,0.0,0.5,0.3333333333333333,0.465040650406504,0.225,1.0,0.0,"The blurred Polaroid photo floats away from the chain, carried by a swirling eddy in the water, and becomes lodged in the narrow gap between two worn-out kitchen tiles, where it remains, shimmering softly as the soap scum continues to shift beneath it. On the wall adjacent to the chain, a peeling, handmade wallpaper seems to sag and ripple, with a stain resembling a faded map's key etched into the corner, next to a faded Polaroid image of the same beachside family, their faces blurred by rain."
persistent,A blue mug near the sink,persistent_seed04_a_blue_mug_near_the_sink.json,experiments/resilience_llama3p2_3b_pilot/runs/persistent_seed04_a_blue_mug_near_the_sink.json,1,0.6,0.1915062002994012,0.42462572128470333,0.55,0.7077095354745055,0.19999999999999998,0.9100000000000001,0.0,0.0,1.0,1.0,0.20893939393939387,0.30000000000000004,1.0,0.18291994646372664,"The blue mug, now a part of the sink's metal grille, serves as a makeshift bird feeder, attracting a flurry of birds that swoop and dive through the sink's faucet, as a small, shiny key clings to its side."
persistent,A blue mug near the sink,persistent_seed04_a_blue_mug_near_the_sink.json,experiments/resilience_llama3p2_3b_pilot/runs/persistent_seed04_a_blue_mug_near_the_sink.json,2,0.6,0.18705164472469782,0.4058399755363372,0.55,0.6763999592272287,0.19999999999999998,0.9100000000000001,0.0,0.0,1.0,1.0,0.3138470260310861,0.08823529411764708,1.0,0.0012552655327285668,"Birds continue to peck at the blue mug, which has become a small, iridescent pond, its curves reflecting the bright hues of a newly arrived parakeet, as the key, now a tiny, rusty ornament, hangs from a hook that has materialized from the faucet's knob. Water drips from the faucet's tiny mouth, creating a miniature, crystal-clear stream that meanders through a tangle of wooden spoons and a lone, metallic harmonica."
persistent,A blue mug near the sink,persistent_seed04_a_blue_mug_near_the_sink.json,experiments/resilience_llama3p2_3b_pilot/runs/persistent_seed04_a_blue_mug_near_the_sink.json,3,0.6,0.18185044532929182,0.40321606503168916,0.55,0.6720267750528153,0.19999999999999998,0.9100000000000001,0.0,0.0,0.75,0.2,0.3177694235588972,0.15000000000000002,1.0,0.06318589975764477,"A delicate, porcelain ballerina twirls atop the faucet's newly formed, Victorian-inspired porcelain handle, while a suited, top hat sits beside the harmonica, its brim slightly ajar, as the wooden spoons, now a small, symphony orchestra, play a lively, sugary melody, and the parakeet, now a tiny, resplendent jeweler, adds glittering, rubies and emeralds to a tiny, blooming garden that has grown out of the faucet's tiny, gemstone-encrusted mouth."
persistent,A blue mug near the sink,persistent_seed04_a_blue_mug_near_the_sink.json,experiments/resilience_llama3p2_3b_pilot/runs/persistent_seed04_a_blue_mug_near_the_sink.json,4,0.6,0.10463475501897204,0.23200610868951674,0.55,0.6444614130264354,0.19999999999999998,0.9100000000000001,0.0,0.4,0.25,0.0,0.1748251748251749,0.0,1.0,0.1415245404819396,"As the small, resplendent jeweler, now a miniature, precariously perched jewel box, dispenses glittering, rubies and emeralds to a tiny, gathering of ants and beetles, a delicate, silver train, adorned with tiny, mother-of-pearl buttons, unfolds from the fauce"
persistent,A blue mug near the sink,persistent_seed04_a_blue_mug_near_the_sink.json,experiments/resilience_llama3p2_3b_pilot/runs/persistent_seed04_a_blue_mug_near_the_sink.json,5,0.6,0.18208356004374862,0.40373294909922086,0.55,0.6728882484987014,0.19999999999999998,0.9100000000000001,0.0,0.0,0.5,0.0,0.30106463161861696,0.0,1.0,0.030211671064225776,"The delicate, silver train, now a shimmering, cloud-like entity, drifts above the faucet's miniature, gemstone-encrusted mouth, casting a delicate, lace-like shadow on the porcelain ballerina, as the suited, top hat, now a tiny, elaborate, clockwork, begins to tick away, synchronizing the symphony orchestra of wooden spoons, which now features a diminutive, conductor, its baton etched from a slender, ivory-colored doorknob."
release,A blue mug near the sink,release_seed04_a_blue_mug_near_the_sink.json,experiments/resilience_llama3p2_3b_pilot/runs/release_seed04_a_blue_mug_near_the_sink.json,1,0.6,0.1915062002994012,0.42462572128470333,0.55,0.7077095354745055,0.19999999999999998,0.9100000000000001,0.0,0.0,1.0,1.0,0.20893939393939387,0.30000000000000004,1.0,0.18291994646372664,"The blue mug, now a part of the sink's metal grille, serves as a makeshift bird feeder, attracting a flurry of birds that swoop and dive through the sink's faucet, as a small, shiny key clings to its side."
release,A blue mug near the sink,release_seed04_a_blue_mug_near_the_sink.json,experiments/resilience_llama3p2_3b_pilot/runs/release_seed04_a_blue_mug_near_the_sink.json,2,0.6,0.18705164472469782,0.4058399755363372,0.55,0.6763999592272287,0.19999999999999998,0.9100000000000001,0.0,0.0,1.0,1.0,0.3138470260310861,0.08823529411764708,1.0,0.0012552655327285668,"Birds continue to peck at the blue mug, which has become a small, iridescent pond, its curves reflecting the bright hues of a newly arrived parakeet, as the key, now a tiny, rusty ornament, hangs from a hook that has materialized from the faucet's knob. Water drips from the faucet's tiny mouth, creating a miniature, crystal-clear stream that meanders through a tangle of wooden spoons and a lone, metallic harmonica."
release,A blue mug near the sink,release_seed04_a_blue_mug_near_the_sink.json,experiments/resilience_llama3p2_3b_pilot/runs/release_seed04_a_blue_mug_near_the_sink.json,3,0.6,0.18185044532929182,0.40321606503168916,0.55,0.6720267750528153,0.19999999999999998,0.9100000000000001,0.0,0.0,0.75,0.2,0.3177694235588972,0.15000000000000002,1.0,0.06318589975764477,"A delicate, porcelain ballerina twirls atop the faucet's newly formed, Victorian-inspired porcelain handle, while a suited, top hat sits beside the harmonica, its brim slightly ajar, as the wooden spoons, now a small, symphony orchestra, play a lively, sugary melody, and the parakeet, now a tiny, resplendent jeweler, adds glittering, rubies and emeralds to a tiny, blooming garden that has grown out of the faucet's tiny, gemstone-encrusted mouth."
release,A blue mug near the sink,release_seed04_a_blue_mug_near_the_sink.json,experiments/resilience_llama3p2_3b_pilot/runs/release_seed04_a_blue_mug_near_the_sink.json,4,0.0,0.13837717345226952,0.40504499836648516,0.4166269210386857,0.6750749972774753,0.19999999999999998,0.9100000000000001,0.0,0.0,0.5,0.25,0.2736223637825468,0.23232323232323238,1.0,0.04097264153988471,"The faucet's mouth, now a vibrant, emerald-green oasis, has sprouted a delicate, hand-crafted iron gate, its bars etched with a minute, crystal-like script that reads ""Trio"" in elegant, copper lettering. Beyond the gate, a group of tiny, porcelain ballet dancers, their tutus shimmering in shades of turquoise and silver, twirl and leap across a petite, inlaid wooden stage, their performance accompanied by a lively, clarion call from a miniature, gemstone-tipped trumpet that hangs from the iron gate's central bar."
release,A blue mug near the sink,release_seed04_a_blue_mug_near_the_sink.json,experiments/resilience_llama3p2_3b_pilot/runs/release_seed04_a_blue_mug_near_the_sink.json,5,0.0,0.0,0.425229424778761,0.0,0.7087157079646017,0.19999999999999998,0.9100000000000001,0.0,0.0,0.75,0.5,0.22035714285714286,0.0,1.0,0.10432160740185026,"Beyond the gate, a diminutive, hand-carved wooden carousel stands poised to turn, its rotating horses now made of iridescent glass, and its entire mechanism animated by a tin canilla that appears to be playing a lively, rumba-inspired tango on its metallic harmonica."
reverse,A blue mug near the sink,reverse_seed04_a_blue_mug_near_the_sink.json,experiments/resilience_llama3p2_3b_pilot/runs/reverse_seed04_a_blue_mug_near_the_sink.json,1,0.6,0.1915062002994012,0.42462572128470333,0.55,0.7077095354745055,0.19999999999999998,0.9100000000000001,0.0,0.0,1.0,1.0,0.20893939393939387,0.30000000000000004,1.0,0.18291994646372664,"The blue mug, now a part of the sink's metal grille, serves as a makeshift bird feeder, attracting a flurry of birds that swoop and dive through the sink's faucet, as a small, shiny key clings to its side."
reverse,A blue mug near the sink,reverse_seed04_a_blue_mug_near_the_sink.json,experiments/resilience_llama3p2_3b_pilot/runs/reverse_seed04_a_blue_mug_near_the_sink.json,2,0.6,0.18705164472469782,0.4058399755363372,0.55,0.6763999592272287,0.19999999999999998,0.9100000000000001,0.0,0.0,1.0,1.0,0.3138470260310861,0.08823529411764708,1.0,0.0012552655327285668,"Birds continue to peck at the blue mug, which has become a small, iridescent pond, its curves reflecting the bright hues of a newly arrived parakeet, as the key, now a tiny, rusty ornament, hangs from a hook that has materialized from the faucet's knob. Water drips from the faucet's tiny mouth, creating a miniature, crystal-clear stream that meanders through a tangle of wooden spoons and a lone, metallic harmonica."
reverse,A blue mug near the sink,reverse_seed04_a_blue_mug_near_the_sink.json,experiments/resilience_llama3p2_3b_pilot/runs/reverse_seed04_a_blue_mug_near_the_sink.json,3,0.6,0.18185044532929182,0.40321606503168916,0.55,0.6720267750528153,0.19999999999999998,0.9100000000000001,0.0,0.0,0.75,0.2,0.3177694235588972,0.15000000000000002,1.0,0.06318589975764477,"A delicate, porcelain ballerina twirls atop the faucet's newly formed, Victorian-inspired porcelain handle, while a suited, top hat sits beside the harmonica, its brim slightly ajar, as the wooden spoons, now a small, symphony orchestra, play a lively, sugary melody, and the parakeet, now a tiny, resplendent jeweler, adds glittering, rubies and emeralds to a tiny, blooming garden that has grown out of the faucet's tiny, gemstone-encrusted mouth."
reverse,A blue mug near the sink,reverse_seed04_a_blue_mug_near_the_sink.json,experiments/resilience_llama3p2_3b_pilot/runs/reverse_seed04_a_blue_mug_near_the_sink.json,4,-0.3,0.18922992273152134,0.41957854264195416,0.55,0.6992975710699236,0.19999999999999998,0.9100000000000001,0.0,0.0,1.0,0.25,0.26936207462523243,0.0,1.0,0.07249177209063724,"The newly assembled, ornate structure has transformed the kitchen into a whimsical wonderland, as a mirrored ballerina spins above the delighted parakeet, now resplendent in a shimmering diamond-encrusted tiara, perched atop the suited top hat, which has become a magnificent, leaping flea."
reverse,A blue mug near the sink,reverse_seed04_a_blue_mug_near_the_sink.json,experiments/resilience_llama3p2_3b_pilot/runs/reverse_seed04_a_blue_mug_near_the_sink.json,5,-0.6,0.008310656495941733,0.39624806949806946,0.025577277787393195,0.6604134491634491,0.19999999999999998,0.9100000000000001,0.0,0.0,0.75,1.0,0.3215986394557824,0.0,1.0,0.0895457000841411,"The mirrored ballerina's dance continues as the leaping flea leaps over the kitchen's now-table-scarved floor, which the wooden spoons played with reckless abandon in their symphony orchestra formation, their tunes harmonizing the afternoon light, that upon the Formica-coated tabletop splashed with merriment and imagination of our parakeet."
cycle,A blue mug near the sink,cycle_seed04_a_blue_mug_near_the_sink.json,experiments/resilience_llama3p2_3b_pilot/runs/cycle_seed04_a_blue_mug_near_the_sink.json,1,0.0,0.0,0.632374239062411,0.0,0.9746031746031746,0.2977060931899641,0.6929086948461255,0.0,0.0,0.5,0.0,0.0,0.0,0.6929086948461255,0.0,"Underneath the mug, a rusty key lies half-buried in a layer of old soap scum."
cycle,A blue mug near the sink,cycle_seed04_a_blue_mug_near_the_sink.json,experiments/resilience_llama3p2_3b_pilot/runs/cycle_seed04_a_blue_mug_near_the_sink.json,2,0.3,0.04148237301300578,0.1989164739884393,0.22916666666666669,0.6630549132947977,0.19999999999999998,0.9100000000000001,0.5,0.0,1.0,0.5,0.391271676300578,0.07894736842105264,1.0,0.16809094138588146,"The rusty key slowly rises, dislodged by the gentle hum of the faucet, and the old soap scum is drawn upward, forming a slimy cocoon around the key as it breaks the surface, sending tiny ripples through the stagnant water. The blue mug, still clutched in the hand of a slumbering figure beneath the sink, remains tranquil, its chipped edges and cracked handle a testament to countless hours of neglect and indifference."
cycle,A blue mug near the sink,cycle_seed04_a_blue_mug_near_the_sink.json,experiments/resilience_llama3p2_3b_pilot/runs/cycle_seed04_a_blue_mug_near_the_sink.json,3,0.6,0.18804788631396233,0.38330184735825995,0.55,0.6388364122637666,0.19999999999999998,0.9100000000000001,0.0,0.0,1.0,0.5,0.41520572450805,0.3831569664902998,1.0,0.06345217280016498,"The slumbering figure stirs, its eyes half-open, fixed on the blue mug as the stagnant water surrounding it becomes a tiny, perfectly formed sphere, its surface a delicate, soap-scum-coated orb, illuminated by the faint, diffused light that seeps through a rusty pipe above the sink, casting an eerie, otherworldly glow on the water and the slumbering figure."
cycle,A blue mug near the sink,cycle_seed04_a_blue_mug_near_the_sink.json,experiments/resilience_llama3p2_3b_pilot/runs/cycle_seed04_a_blue_mug_near_the_sink.json,4,0.3,0.16381992790505495,0.38514576586787563,0.4968986742424243,0.6419096097797927,0.19999999999999998,0.9100000000000001,0.0,0.0,1.0,1.0,0.43984375,0.08108108108108109,1.0,0.05039391468109591,"As the slumbering figure slowly sets the blue mug on a nearby counter, the stillness of the room is broken by the quiet ticking of a grandfather clock, its rhythmic pulse echoing through the space, while the tiny, soap-scum sphere of stagnant water, now free from the confines of the sink, slides silently across the countertop, leaving behind a glistening trail of condensation that slowly dissolves into the warm, humid air, as if by a gentle, ethereal fingers."
cycle,A blue mug near the sink,cycle_seed04_a_blue_mug_near_the_sink.json,experiments/resilience_llama3p2_3b_pilot/runs/cycle_seed04_a_blue_mug_near_the_sink.json,5,0.0,0.07010506023813036,0.3777926982252873,0.2222334004024145,0.6296544970421456,0.19999999999999998,0.9100000000000001,0.0,0.0,1.0,0.6,0.46587488316627457,0.20454545454545453,1.0,0.04406268513687614,"A faint, ghostly image begins to coalesce on the counter, a whispered promise of the blue mug's forgotten past, as the grandmother clock's ticking continues to resound through the room, echoing off the walls with a steady, relentless beat, while a tattered, antique book falls from a dusty shelf, its worn pages crackling softly as it lands open on the counter, revealing a yellowed, forgotten recipe pinned to a frayed ribbon, the faded ink scratched out to reveal a familiar, familiar name scrawled on the corner of the page."
