name,condition,path,picked_count,phenomenon_label,trajectory_score,trajectory_frontier_auc,terminal_frontier,terminal_readability,terminal_unfinished,mean_ontology_collapse_density,mean_unfinished,unfinished_rate,anchor_survival,lineage_continuity,motif_entropy,motif_repetition,stock_prop_dependence,soft_style_dependence,now_chain_pressure,inscription_pressure,repetition_collapse_penalty,peak_frontier,peak_frontier_step,post_peak_decay,suggested_stop_step,failure_pressure,seed
steer_alpha_0p66_c19_tok140_seed01_the_receipt_on_the_counter.json,steer_alpha_0p66,experiments/frontier_sweep_mundane_seed_probe/steer_alpha_0p66_c19_tok140_seed01_the_receipt_on_the_counter.json,5,trajectory_truncation_failure,0.35518877056678066,0.10457558230648867,0.10841705861733772,0.6330183839396142,0.4,0.48018803418803424,0.32,0.8,0.6666666666666666,0.7833333333333333,0.9214680412050633,0.5882352941176471,0.5,0.2,0.5,0.3,0.25786514265199384,0.16043999839078635,2,0.05202293977344863,3,0.3910426960551409,The receipt on the counter
steer_alpha_0p66_c19_tok140_seed02_a_plastic_folder_in_the_drawer.json,steer_alpha_0p66,experiments/frontier_sweep_mundane_seed_probe/steer_alpha_0p66_c19_tok140_seed02_a_plastic_folder_in_the_drawer.json,5,readable_ontology_collapse_trajectory,0.42983830595407313,0.15180864858969648,0.10172482841449419,0.6265387313038568,0.4,0.55,0.16,0.4,1.0,0.9,0.8894686235491586,0.71875,0.6799999999999999,0.4,0.8,0.1,0.22866594682721417,0.2097874971622216,1,0.1080626687477274,3,0.3984442707410577,A plastic folder in the drawer
steer_alpha_0p66_c19_tok140_seed03_the_bus_was_ten_minutes_late.json,steer_alpha_0p66,experiments/frontier_sweep_mundane_seed_probe/steer_alpha_0p66_c19_tok140_seed03_the_bus_was_ten_minutes_late.json,5,readable_ontology_collapse_trajectory,0.44903524083471463,0.14463148039057785,0.1868016858071506,0.6903240421550281,0.0,0.44222222222222224,0.0,0.0,1.0,0.75,0.9399316205211391,0.5416666666666667,0.6799999999999999,0.4666666666666666,0.7,0.2,0.25097848442452386,0.1868016858071506,5,0.0,3,0.320542793863081,The bus was ten minutes late
steer_alpha_0p66_c19_tok140_seed04_a_blue_mug_near_the_sink.json,steer_alpha_0p66,experiments/frontier_sweep_mundane_seed_probe/steer_alpha_0p66_c19_tok140_seed04_a_blue_mug_near_the_sink.json,5,readable_ontology_collapse_trajectory,0.39726972641129754,0.15199718366184098,0.09206158830492524,0.604027704950348,0.4,0.5534203296703297,0.16,0.4,0.75,0.9,0.9356305089489146,0.5862068965517242,0.74,0.6666666666666666,0.8,0.0,0.27870720960136286,0.20298067205346898,3,0.11091908374854374,4,0.38902584994569933,A blue mug near the sink
steer_alpha_0p66_c19_tok140_seed05_the_spreadsheet_was_still_open.json,steer_alpha_0p66,experiments/frontier_sweep_mundane_seed_probe/steer_alpha_0p66_c19_tok140_seed05_the_spreadsheet_was_still_open.json,5,stock_prop_attractor_trajectory,0.4405447248263614,0.18570280400519013,0.18417111214470286,0.6276146738704879,0.0,0.550874183006536,0.08,0.2,1.0,0.95,0.922818811596987,0.6666666666666667,0.915,0.4666666666666666,0.8,0.4,0.28092460357545773,0.255308411994003,4,0.07113729984930015,3,0.44800369028764414,The spreadsheet was still open
steer_alpha_0p66_c19_tok140_seed06_the_elevator_button_was_cracked.json,steer_alpha_0p66,experiments/frontier_sweep_mundane_seed_probe/steer_alpha_0p66_c19_tok140_seed06_the_elevator_button_was_cracked.json,5,stock_prop_attractor_trajectory,0.4261774508827777,0.15264720906891086,0.20920156821632338,0.8693529588510134,0.0,0.5331895821996824,0.16,0.4,0.75,0.85,0.8568132463340484,0.7241379310344828,0.8150000000000001,0.4,0.6,0.4,0.2705339128710498,0.20920156821632338,5,0.0,3,0.4232098974202373,The elevator button was cracked
steer_alpha_0p66_c19_tok140_seed07_a_delivery_label_on_a_cardboard_box.json,steer_alpha_0p66,experiments/frontier_sweep_mundane_seed_probe/steer_alpha_0p66_c19_tok140_seed07_a_delivery_label_on_a_cardboard_box.json,5,mixed_trajectory,0.31012762692845475,0.16534500923981404,0.11188451699377955,0.6089152135241398,0.4,0.5289705882352942,0.16,0.4,0.25,0.8,0.9596290572149667,0.7586206896551724,0.73,0.4666666666666666,0.7,0.3,0.2316345194273408,0.23383104905352114,1,0.1219465320597416,4,0.42604826227139986,A delivery label on a cardboard box
steer_alpha_0p66_c19_tok140_seed08_i_am_opening_the_fridge.json,steer_alpha_0p66,experiments/frontier_sweep_mundane_seed_probe/steer_alpha_0p66_c19_tok140_seed08_i_am_opening_the_fridge.json,5,stock_prop_attractor_trajectory,0.46575189054670996,0.18639334108766917,0.2329509027268281,0.8608680810304068,0.0,0.5585117794486216,0.08,0.2,1.0,0.8,0.9013046354081343,0.7755102040816326,1.0,0.6,0.8,0.2,0.31214366739624155,0.23616118468434766,1,0.003210281957519545,3,0.4382184228331147,I am opening the fridge
steer_alpha_0p72_c19_tok140_seed01_the_receipt_on_the_counter.json,steer_alpha_0p72,experiments/frontier_sweep_mundane_seed_probe/steer_alpha_0p72_c19_tok140_seed01_the_receipt_on_the_counter.json,5,stock_prop_attractor_trajectory,0.29905236520195716,0.18114191245060482,0.09603793326168227,0.6384906542056076,0.4,0.5524747474747475,0.08,0.2,0.3333333333333333,0.7166666666666667,0.9501349964260154,0.7,0.925,0.4,0.7,0.7,0.35491447199655934,0.21310821573901462,1,0.11707028247733235,4,0.5009451473309806,The receipt on the counter
steer_alpha_0p72_c19_tok140_seed02_a_plastic_folder_in_the_drawer.json,steer_alpha_0p72,experiments/frontier_sweep_mundane_seed_probe/steer_alpha_0p72_c19_tok140_seed02_a_plastic_folder_in_the_drawer.json,5,trajectory_truncation_failure,0.26774461467297517,0.12163476327065974,0.091739047980683,0.589552259399793,0.4,0.4998730984108347,0.24000000000000005,0.6,0.25,0.75,0.9010934373930696,0.7843137254901961,1.0,0.7333333333333333,0.6,0.0,0.3254955134054764,0.2287119667513727,2,0.1369729187706897,3,0.4535665027776088,A plastic folder in the drawer
steer_alpha_0p72_c19_tok140_seed03_the_bus_was_ten_minutes_late.json,steer_alpha_0p72,experiments/frontier_sweep_mundane_seed_probe/steer_alpha_0p72_c19_tok140_seed03_the_bus_was_ten_minutes_late.json,5,stock_prop_attractor_trajectory,0.34270480072590964,0.16038021019683268,0.19171475163299126,0.6886562733597839,0.0,0.5567099567099567,0.16,0.4,0.25,0.85,0.8804166001518264,0.6363636363636364,0.79,0.4,0.8,0.0,0.1952109528705138,0.21799762490064406,1,0.0262828732676528,3,0.3733167661432041,The bus was ten minutes late
steer_alpha_0p72_c19_tok140_seed04_a_blue_mug_near_the_sink.json,steer_alpha_0p72,experiments/frontier_sweep_mundane_seed_probe/steer_alpha_0p72_c19_tok140_seed04_a_blue_mug_near_the_sink.json,5,trajectory_truncation_failure,0.37478073116460253,0.12203514433214013,0.09495660829548036,0.6620968657733364,0.4,0.49704481792717087,0.24000000000000005,0.6,0.75,0.8,0.9173423989503993,0.7435897435897436,1.0,0.6666666666666666,0.5,0.0,0.21133912059847892,0.18576663641452348,2,0.09081002811904312,3,0.40802152028455707,A blue mug near the sink
steer_alpha_0p72_c19_tok140_seed05_the_spreadsheet_was_still_open.json,steer_alpha_0p72,experiments/frontier_sweep_mundane_seed_probe/steer_alpha_0p72_c19_tok140_seed05_the_spreadsheet_was_still_open.json,5,trajectory_truncation_failure,0.28968119378079765,0.08931475645726483,0.09586240936188378,0.5618487365870544,0.4,0.4981435472739821,0.32,0.8,0.5,0.75,0.8851338617034061,0.7222222222222222,0.975,0.4,0.6,0.0,0.3228231078850404,0.10439618537055477,1,0.008533776008670987,3,0.4481104480428302,The spreadsheet was still open
steer_alpha_0p72_c19_tok140_seed06_the_elevator_button_was_cracked.json,steer_alpha_0p72,experiments/frontier_sweep_mundane_seed_probe/steer_alpha_0p72_c19_tok140_seed06_the_elevator_button_was_cracked.json,5,stock_prop_attractor_trajectory,0.33336995679811576,0.1415880832455493,0.21345440042080085,0.7274056845628634,0.0,0.5317227007502084,0.16,0.4,0.5,0.65,0.9761379259542109,0.7804878048780488,0.9,0.6,0.7,0.0,0.5760455799319588,0.21345440042080085,5,0.0,3,0.4537369848755575,The elevator button was cracked
steer_alpha_0p72_c19_tok140_seed07_a_delivery_label_on_a_cardboard_box.json,steer_alpha_0p72,experiments/frontier_sweep_mundane_seed_probe/steer_alpha_0p72_c19_tok140_seed07_a_delivery_label_on_a_cardboard_box.json,5,trajectory_truncation_failure,0.3689323502915324,0.13173682772603007,0.08862750140442516,0.599992756122801,0.4,0.49566233766233764,0.24000000000000005,0.6,0.75,0.85,0.9568002778156798,0.7567567567567568,0.915,0.4666666666666666,0.6,0.0,0.2982660161811335,0.21687183204295282,2,0.12824433063852766,3,0.4327002081840589,A delivery label on a cardboard box
steer_alpha_0p72_c19_tok140_seed08_i_am_opening_the_fridge.json,steer_alpha_0p72,experiments/frontier_sweep_mundane_seed_probe/steer_alpha_0p72_c19_tok140_seed08_i_am_opening_the_fridge.json,5,readable_ontology_collapse_trajectory,0.4608265651246771,0.20220633972529883,0.24232050466295246,0.8852737549010128,0.0,0.5429089640541693,0.08,0.2,1.0,0.6,0.9646600103740803,0.6764705882352942,0.745,0.4,0.7,0.5,0.27290369438803186,0.25057058852229996,2,0.008250083859347501,3,0.4143072363922773,I am opening the fridge
steer_alpha_0p77_c19_tok140_seed01_the_receipt_on_the_counter.json,steer_alpha_0p77,experiments/frontier_sweep_mundane_seed_probe/steer_alpha_0p77_c19_tok140_seed01_the_receipt_on_the_counter.json,5,stock_prop_attractor_trajectory,0.2961740514157174,0.11172483761470378,0.10445928562607111,0.5850094401101653,0.4,0.44079675396962764,0.16,0.4,0.3333333333333333,0.75,0.9571293476711782,0.6521739130434783,0.775,0.13333333333333333,0.6,0.3,0.27593448923060815,0.16414651236597308,2,0.05968722673990197,3,0.4063386833768426,The receipt on the counter
steer_alpha_0p77_c19_tok140_seed02_a_plastic_folder_in_the_drawer.json,steer_alpha_0p77,experiments/frontier_sweep_mundane_seed_probe/steer_alpha_0p77_c19_tok140_seed02_a_plastic_folder_in_the_drawer.json,5,trajectory_truncation_failure,0.3876684565288265,0.13411441584286668,0.08702945388193203,0.6249767441860465,0.4,0.5545925925925926,0.24000000000000005,0.6,0.75,0.9,0.9393046714424175,0.47619047619047616,0.475,0.4666666666666667,0.9,0.2,0.29287879272061135,0.19818965036936784,2,0.1111601964874358,3,0.4095112597818731,A plastic folder in the drawer
steer_alpha_0p77_c19_tok140_seed03_the_bus_was_ten_minutes_late.json,steer_alpha_0p77,experiments/frontier_sweep_mundane_seed_probe/steer_alpha_0p77_c19_tok140_seed03_the_bus_was_ten_minutes_late.json,5,trajectory_truncation_failure,0.3733469223252581,0.0991908744048362,0.10410412163580869,0.6409719539674875,0.4,0.3843202450570872,0.24000000000000005,0.6,0.75,0.8,0.913543926888039,0.7209302325581395,1.0,0.6666666666666667,0.3,0.0,0.26574075093779254,0.12285474825438499,2,0.018750626618576294,3,0.3767389524174031,The bus was ten minutes late
steer_alpha_0p77_c19_tok140_seed04_a_blue_mug_near_the_sink.json,steer_alpha_0p77,experiments/frontier_sweep_mundane_seed_probe/steer_alpha_0p77_c19_tok140_seed04_a_blue_mug_near_the_sink.json,5,trajectory_truncation_failure,0.4555682788536904,0.14762770671119835,0.23667459950904748,0.8230115233796982,0.0,0.5526797385620915,0.24000000000000005,0.6,1.0,0.9,0.8875921325644591,0.76,1.0,0.7333333333333333,0.7,0.0,0.29231116256509837,0.23667459950904748,5,0.0,3,0.43861600926171773,A blue mug near the sink
steer_alpha_0p77_c19_tok140_seed05_the_spreadsheet_was_still_open.json,steer_alpha_0p77,experiments/frontier_sweep_mundane_seed_probe/steer_alpha_0p77_c19_tok140_seed05_the_spreadsheet_was_still_open.json,5,readable_ontology_collapse_trajectory,0.4770317268391153,0.1753713668101776,0.21771059285053496,0.8972144961592473,0.0,0.5507690476190477,0.08,0.2,0.75,0.8,0.9211641382769397,0.5,0.575,0.4,0.7,0.0,0.2419627331847956,0.21771059285053496,5,0.0,3,0.2960532919732632,The spreadsheet was still open
steer_alpha_0p77_c19_tok140_seed06_the_elevator_button_was_cracked.json,steer_alpha_0p77,experiments/frontier_sweep_mundane_seed_probe/steer_alpha_0p77_c19_tok140_seed06_the_elevator_button_was_cracked.json,5,mixed_trajectory,0.2919612441214512,0.12182820746898775,0.10517224589236923,0.6266105687550643,0.4,0.45538461538461544,0.16,0.4,0.25,0.4,0.9732146334251459,0.36363636363636365,0.355,0.2,0.5,0.0,0.20413618937447078,0.20648084507042253,4,0.1013085991780533,3,0.2560044403277491,The elevator button was cracked
steer_alpha_0p77_c19_tok140_seed07_a_delivery_label_on_a_cardboard_box.json,steer_alpha_0p77,experiments/frontier_sweep_mundane_seed_probe/steer_alpha_0p77_c19_tok140_seed07_a_delivery_label_on_a_cardboard_box.json,5,stock_prop_attractor_trajectory,0.4631773780623698,0.17289651134452066,0.21884843750000002,0.93625,0.0,0.5575477582846005,0.16,0.4,0.75,0.85,0.9488797676933355,0.74,0.9,0.5333333333333333,0.7,0.0,0.2072381122944981,0.2527740851928563,2,0.0339256476928563,3,0.3883917073669381,A delivery label on a cardboard box
steer_alpha_0p77_c19_tok140_seed08_i_am_opening_the_fridge.json,steer_alpha_0p77,experiments/frontier_sweep_mundane_seed_probe/steer_alpha_0p77_c19_tok140_seed08_i_am_opening_the_fridge.json,5,trajectory_truncation_failure,0.4034677788921819,0.12723963322190152,0.10269239795467458,0.6217322138753867,0.4,0.5571559290382819,0.32,0.8,1.0,0.95,0.9173749832339759,0.7272727272727273,1.0,0.5333333333333333,0.8,0.0,0.2230807699392634,0.22045852527705598,1,0.1177661273223814,3,0.4785467304146974,I am opening the fridge
steer_alpha_0p82_c19_tok140_seed01_the_receipt_on_the_counter.json,steer_alpha_0p82,experiments/frontier_sweep_mundane_seed_probe/steer_alpha_0p82_c19_tok140_seed01_the_receipt_on_the_counter.json,5,trajectory_truncation_failure,0.2851377625297062,0.10116527028462996,0.078509365,0.46564465408805034,0.4,0.4996388028895769,0.32,0.8,0.6666666666666666,0.8,0.945551450959047,0.8222222222222222,1.0,0.26666666666666666,0.9,0.0,0.45621179126428685,0.12842742077419356,1,0.04991805577419356,3,0.5338280530159228,The receipt on the counter
steer_alpha_0p82_c19_tok140_seed02_a_plastic_folder_in_the_drawer.json,steer_alpha_0p82,experiments/frontier_sweep_mundane_seed_probe/steer_alpha_0p82_c19_tok140_seed02_a_plastic_folder_in_the_drawer.json,5,trajectory_truncation_failure,0.3232316702394057,0.14314982201294907,0.09413119282245008,0.5642849433351322,0.4,0.5555661375661376,0.24000000000000005,0.6,0.5,0.8,0.9484126811557567,0.7777777777777778,0.945,0.7333333333333333,0.6,0.0,0.2733304637220502,0.23239449781648822,1,0.13826330499403813,3,0.43601675699685255,A plastic folder in the drawer
steer_alpha_0p82_c19_tok140_seed03_the_bus_was_ten_minutes_late.json,steer_alpha_0p82,experiments/frontier_sweep_mundane_seed_probe/steer_alpha_0p82_c19_tok140_seed03_the_bus_was_ten_minutes_late.json,5,readable_ontology_collapse_trajectory,0.45402950866001607,0.15127686141259794,0.19795043522785458,0.8778289810547875,0.0,0.5671523636677902,0.16,0.4,0.75,0.8,0.9483173607350679,0.65625,0.655,0.4666666666666666,0.5,0.0,0.2563324147574267,0.24432606093422238,2,0.0463756257063678,3,0.32842117851229197,The bus was ten minutes late
steer_alpha_0p82_c19_tok140_seed04_a_blue_mug_near_the_sink.json,steer_alpha_0p82,experiments/frontier_sweep_mundane_seed_probe/steer_alpha_0p82_c19_tok140_seed04_a_blue_mug_near_the_sink.json,5,trajectory_truncation_failure,0.3763750051433682,0.15158057540759332,0.09580896632397126,0.5812945414632402,0.4,0.6060846560846561,0.24000000000000005,0.6,0.75,0.9,0.9051511820157896,0.6923076923076923,0.805,0.6,0.6,0.0,0.34617881157038316,0.2753508717173368,1,0.17954190539336554,3,0.42717424112244307,A blue mug near the sink
steer_alpha_0p82_c19_tok140_seed05_the_spreadsheet_was_still_open.json,steer_alpha_0p82,experiments/frontier_sweep_mundane_seed_probe/steer_alpha_0p82_c19_tok140_seed05_the_spreadsheet_was_still_open.json,5,trajectory_truncation_failure,0.35813797871217196,0.1464231504417912,0.20138470376344084,0.8788548387096774,0.0,0.5562981696665907,0.24000000000000005,0.6,0.25,0.8,0.9284788897376127,0.7297297297297297,0.805,0.4666666666666666,0.6,0.0,0.31455431888527957,0.24072707445090283,1,0.03934237068746199,3,0.40419410597544264,The spreadsheet was still open
steer_alpha_0p82_c19_tok140_seed06_the_elevator_button_was_cracked.json,steer_alpha_0p82,experiments/frontier_sweep_mundane_seed_probe/steer_alpha_0p82_c19_tok140_seed06_the_elevator_button_was_cracked.json,5,stock_prop_attractor_trajectory,0.3460942228104221,0.17543312244034232,0.10534645647361582,0.5673527670908554,0.4,0.5573135495744193,0.16,0.4,0.5,0.85,0.8854737829198785,0.7659574468085106,1.0,0.6,0.5,0.0,0.3223255391629677,0.2437557130078555,2,0.1384092565342397,4,0.41337573021032126,The elevator button was cracked
steer_alpha_0p82_c19_tok140_seed07_a_delivery_label_on_a_cardboard_box.json,steer_alpha_0p82,experiments/frontier_sweep_mundane_seed_probe/steer_alpha_0p82_c19_tok140_seed07_a_delivery_label_on_a_cardboard_box.json,5,trajectory_truncation_failure,0.33019680240981675,0.12035415531089347,0.09408398965709966,0.5292945109398627,0.4,0.5573211233211233,0.32,0.8,0.75,0.85,0.8990207384578003,0.75,0.9,0.26666666666666666,0.8,0.0,0.34782332115996234,0.21248580758556804,1,0.11840181792846838,3,0.4893684704980635,A delivery label on a cardboard box
steer_alpha_0p82_c19_tok140_seed08_i_am_opening_the_fridge.json,steer_alpha_0p82,experiments/frontier_sweep_mundane_seed_probe/steer_alpha_0p82_c19_tok140_seed08_i_am_opening_the_fridge.json,5,trajectory_truncation_failure,0.30247630192003655,0.1512533659463674,0.08690559359617865,0.5777389491242704,0.4,0.5531861471861472,0.24000000000000005,0.6,0.5,0.65,0.9714066742689237,0.8205128205128205,0.835,0.4666666666666666,0.7,0.0,0.3426470615575571,0.25828595385297515,3,0.17138036025679648,3,0.4563348071701618,I am opening the fridge
steer_alpha_0p88_c19_tok140_seed01_the_receipt_on_the_counter.json,steer_alpha_0p88,experiments/frontier_sweep_mundane_seed_probe/steer_alpha_0p88_c19_tok140_seed01_the_receipt_on_the_counter.json,5,trajectory_truncation_failure,0.33551195430751074,0.11203983346697995,0.09044331216931217,0.6214814814814815,0.4,0.5566733500417712,0.32,0.8,0.6666666666666666,0.8333333333333334,0.928938857995887,0.8043478260869565,0.9333333333333333,0.3333333333333333,0.8,0.0,0.24522280288145062,0.19343254648403577,1,0.1029892343147236,3,0.47868993894123196,The receipt on the counter
steer_alpha_0p88_c19_tok140_seed02_a_plastic_folder_in_the_drawer.json,steer_alpha_0p88,experiments/frontier_sweep_mundane_seed_probe/steer_alpha_0p88_c19_tok140_seed02_a_plastic_folder_in_the_drawer.json,5,trajectory_truncation_failure,0.4402801534935477,0.15119090366258414,0.10511411337209302,0.6245639534883721,0.4,0.5528070175438596,0.24000000000000005,0.6,1.0,1.0,0.8753148609827474,0.7241379310344828,0.72,0.3333333333333333,0.7,0.0,0.20908712485417782,0.2393715707615561,1,0.1342574573894631,3,0.40098809418561976,A plastic folder in the drawer
steer_alpha_0p88_c19_tok140_seed03_the_bus_was_ten_minutes_late.json,steer_alpha_0p88,experiments/frontier_sweep_mundane_seed_probe/steer_alpha_0p88_c19_tok140_seed03_the_bus_was_ten_minutes_late.json,5,trajectory_truncation_failure,0.409785903119823,0.13696685818372561,0.10051766640503935,0.586895932767206,0.4,0.5451001006600953,0.24000000000000005,0.6,1.0,0.9,0.9228643055938752,0.7352941176470589,0.93,0.4,0.6,0.0,0.2887137751619941,0.2146496931672669,2,0.11413202676222754,3,0.42881769530819897,The bus was ten minutes late
steer_alpha_0p88_c19_tok140_seed04_a_blue_mug_near_the_sink.json,steer_alpha_0p88,experiments/frontier_sweep_mundane_seed_probe/steer_alpha_0p88_c19_tok140_seed04_a_blue_mug_near_the_sink.json,5,stock_prop_attractor_trajectory,0.36046734174666245,0.17184478966442854,0.08694516747685185,0.545162037037037,0.4,0.4973870967741936,0.08,0.2,0.75,0.95,0.9560662457537217,0.8333333333333334,1.0,0.26666666666666666,0.7,0.6,0.3735083399575331,0.2675626484375,3,0.18061748096064814,4,0.5236574566697866,A blue mug near the sink
steer_alpha_0p88_c19_tok140_seed05_the_spreadsheet_was_still_open.json,steer_alpha_0p88,experiments/frontier_sweep_mundane_seed_probe/steer_alpha_0p88_c19_tok140_seed05_the_spreadsheet_was_still_open.json,5,trajectory_truncation_failure,0.21149665495352019,0.10645768070400616,0.09043573436619719,0.5225928297055058,0.4,0.4943908289241623,0.32,0.8,0.25,0.5,0.9107157124035864,0.7555555555555555,0.9,0.4666666666666666,0.5,0.1,0.37339356108316435,0.21407830279305387,1,0.12364256842685668,3,0.46731278181455366,The spreadsheet was still open
steer_alpha_0p88_c19_tok140_seed06_the_elevator_button_was_cracked.json,steer_alpha_0p88,experiments/frontier_sweep_mundane_seed_probe/steer_alpha_0p88_c19_tok140_seed06_the_elevator_button_was_cracked.json,5,trajectory_truncation_failure,0.31346322469041743,0.1092234147374828,0.09235066855450712,0.6211998019339261,0.4,0.552962962962963,0.32,0.8,0.5,0.75,0.9311276384910571,0.6875,0.8699999999999999,0.4,0.6,0.0,0.2835184532738856,0.17754817973011772,1,0.0851975111756106,3,0.4343629482656409,The elevator button was cracked
steer_alpha_0p88_c19_tok140_seed07_a_delivery_label_on_a_cardboard_box.json,steer_alpha_0p88,experiments/frontier_sweep_mundane_seed_probe/steer_alpha_0p88_c19_tok140_seed07_a_delivery_label_on_a_cardboard_box.json,5,stock_prop_attractor_trajectory,0.34005278943960726,0.1447564150694327,0.13818116359447008,0.65,0.0,0.5429831624435069,0.11600000000000002,0.4,0.5,0.85,0.9375685834284884,0.8048780487804879,0.96,0.3333333333333333,0.7,0.0,0.6147654836126728,0.1881425045984059,4,0.049961341003935816,3,0.4658397930789203,A delivery label on a cardboard box
steer_alpha_0p88_c19_tok140_seed08_i_am_opening_the_fridge.json,steer_alpha_0p88,experiments/frontier_sweep_mundane_seed_probe/steer_alpha_0p88_c19_tok140_seed08_i_am_opening_the_fridge.json,5,stock_prop_attractor_trajectory,0.42933000044039227,0.15502552729475155,0.14460980720387903,0.6319718309859155,0.0,0.541908375609688,0.16,0.4,1.0,1.0,0.9120073805432538,0.7878787878787878,0.9550000000000001,0.3333333333333333,0.8,0.0,0.43299785758830006,0.2312920789473684,1,0.08668227174348936,3,0.46342983391529624,I am opening the fridge
steer_alpha_0p66_c19_tok140_seed01_the_receipt_on_the_counter__banded-frontier_best.json,steer_alpha_0p66__reselect_banded-frontier_best,experiments/posthoc_reselect_mundane_balanced_guard/steer_alpha_0p66_c19_tok140_seed01_the_receipt_on_the_counter__banded-frontier_best.json,5,trajectory_truncation_failure,0.3530073324682558,0.10480301660300995,0.10841705861733772,0.6330183839396142,0.4,0.4825128205128205,0.32,0.8,0.6666666666666666,0.7833333333333333,0.9224050305657796,0.631578947368421,0.5,0.2,0.5,0.3,0.2773394029186212,0.16043999839078635,2,0.05202293977344863,3,0.39888242822821124,The receipt on the counter
steer_alpha_0p66_c19_tok140_seed02_a_plastic_folder_in_the_drawer__banded-frontier_best.json,steer_alpha_0p66__reselect_banded-frontier_best,experiments/posthoc_reselect_mundane_balanced_guard/steer_alpha_0p66_c19_tok140_seed02_a_plastic_folder_in_the_drawer__banded-frontier_best.json,5,readable_ontology_collapse_trajectory,0.42983830595407313,0.15180864858969648,0.10172482841449419,0.6265387313038568,0.4,0.55,0.16,0.4,1.0,0.9,0.8894686235491586,0.71875,0.6799999999999999,0.4,0.8,0.1,0.22866594682721417,0.2097874971622216,1,0.1080626687477274,3,0.3984442707410577,A plastic folder in the drawer
steer_alpha_0p66_c19_tok140_seed03_the_bus_was_ten_minutes_late__banded-frontier_best.json,steer_alpha_0p66__reselect_banded-frontier_best,experiments/posthoc_reselect_mundane_balanced_guard/steer_alpha_0p66_c19_tok140_seed03_the_bus_was_ten_minutes_late__banded-frontier_best.json,5,readable_ontology_collapse_trajectory,0.42878930679142113,0.11172944406784421,0.1868016858071506,0.6903240421550281,0.0,0.3773996809740338,0.08,0.2,1.0,0.65,0.9355245321275765,0.5,0.38,0.26666666666666666,0.7,0.2,0.2273583310219373,0.1868016858071506,5,0.0,3,0.2941244995839487,The bus was ten minutes late
steer_alpha_0p66_c19_tok140_seed04_a_blue_mug_near_the_sink__banded-frontier_best.json,steer_alpha_0p66__reselect_banded-frontier_best,experiments/posthoc_reselect_mundane_balanced_guard/steer_alpha_0p66_c19_tok140_seed04_a_blue_mug_near_the_sink__banded-frontier_best.json,5,readable_ontology_collapse_trajectory,0.35885359389955956,0.13621005778232825,0.053992150968055215,0.39905506997823514,0.4,0.5394520757020758,0.16,0.4,0.75,0.95,0.9218361000920415,0.5652173913043479,0.63,0.5333333333333333,0.9,0.0,0.27800032801794017,0.18696734532528783,2,0.13297519435723262,3,0.38870807732724894,A blue mug near the sink
steer_alpha_0p66_c19_tok140_seed05_the_spreadsheet_was_still_open__banded-frontier_best.json,steer_alpha_0p66__reselect_banded-frontier_best,experiments/posthoc_reselect_mundane_balanced_guard/steer_alpha_0p66_c19_tok140_seed05_the_spreadsheet_was_still_open__banded-frontier_best.json,5,trajectory_truncation_failure,0.4188610476533708,0.1487840380465548,0.09673236400063043,0.639390066003896,0.4,0.5496043417366947,0.24000000000000005,0.6,1.0,0.75,0.9592935954316847,0.5454545454545454,0.5900000000000001,0.26666666666666666,0.6,0.2,0.22786032151935398,0.23571888300929927,4,0.13898651900866885,3,0.38300829027023864,The spreadsheet was still open
steer_alpha_0p66_c19_tok140_seed06_the_elevator_button_was_cracked__banded-frontier_best.json,steer_alpha_0p66__reselect_banded-frontier_best,experiments/posthoc_reselect_mundane_balanced_guard/steer_alpha_0p66_c19_tok140_seed06_the_elevator_button_was_cracked__banded-frontier_best.json,5,readable_ontology_collapse_trajectory,0.4671326554005585,0.12771269543819158,0.20920156821632338,0.8693529588510134,0.0,0.49043769356544076,0.16,0.4,1.0,0.85,0.9531029063496105,0.5882352941176471,0.545,0.3333333333333333,0.8,0.4,0.23891449927970115,0.20920156821632338,5,0.0,3,0.394128139282111,The elevator button was cracked
steer_alpha_0p66_c19_tok140_seed07_a_delivery_label_on_a_cardboard_box__banded-frontier_best.json,steer_alpha_0p66__reselect_banded-frontier_best,experiments/posthoc_reselect_mundane_balanced_guard/steer_alpha_0p66_c19_tok140_seed07_a_delivery_label_on_a_cardboard_box__banded-frontier_best.json,5,trajectory_truncation_failure,0.3343655892531993,0.1335901210937471,0.09485328226415095,0.5596460059954154,0.4,0.5252976190476191,0.24000000000000005,0.6,0.75,0.6,0.944077145041795,0.6470588235294117,0.41,0.4666666666666666,0.7,0.3,0.2770340630687792,0.23383104905352114,1,0.13897776678937018,3,0.40481867872372695,A delivery label on a cardboard box
steer_alpha_0p66_c19_tok140_seed08_i_am_opening_the_fridge__banded-frontier_best.json,steer_alpha_0p66__reselect_banded-frontier_best,experiments/posthoc_reselect_mundane_balanced_guard/steer_alpha_0p66_c19_tok140_seed08_i_am_opening_the_fridge__banded-frontier_best.json,5,readable_ontology_collapse_trajectory,0.3994842668864812,0.1453888056726783,0.10114439083194832,0.6130557559032895,0.4,0.5604709795832147,0.16,0.4,1.0,0.7,0.9280612399263962,0.6,0.4,0.4,0.9,0.2,0.3702337848115208,0.2044543011016575,2,0.10330991026970918,3,0.4001385678065302,I am opening the fridge
steer_alpha_0p72_c19_tok140_seed01_the_receipt_on_the_counter__banded-frontier_best.json,steer_alpha_0p72__reselect_banded-frontier_best,experiments/posthoc_reselect_mundane_balanced_guard/steer_alpha_0p72_c19_tok140_seed01_the_receipt_on_the_counter__banded-frontier_best.json,5,readable_ontology_collapse_trajectory,0.34613820477930035,0.1663974220888373,0.205883808612931,0.7254538710815046,0.0,0.5524747474747475,0.16,0.4,0.3333333333333333,0.8166666666666667,0.9560399761161928,0.6071428571428572,0.645,0.4,0.8,0.4,0.39065272336990314,0.21310821573901462,1,0.007224407126083604,3,0.43841543698978086,The receipt on the counter
steer_alpha_0p72_c19_tok140_seed02_a_plastic_folder_in_the_drawer__banded-frontier_best.json,steer_alpha_0p72__reselect_banded-frontier_best,experiments/posthoc_reselect_mundane_balanced_guard/steer_alpha_0p72_c19_tok140_seed02_a_plastic_folder_in_the_drawer__banded-frontier_best.json,5,trajectory_truncation_failure,0.2916008849756598,0.08907516459813175,0.08597876504504504,0.586453433953434,0.4,0.4352748196248196,0.24000000000000005,0.6,0.5,0.7,0.9100900646727005,0.6333333333333333,0.725,0.4666666666666667,1.0,0.0,0.33276812702551706,0.0996261601228308,1,0.01364739507778577,3,0.4387787054595943,A plastic folder in the drawer
steer_alpha_0p72_c19_tok140_seed03_the_bus_was_ten_minutes_late__banded-frontier_best.json,steer_alpha_0p72__reselect_banded-frontier_best,experiments/posthoc_reselect_mundane_balanced_guard/steer_alpha_0p72_c19_tok140_seed03_the_bus_was_ten_minutes_late__banded-frontier_best.json,5,trajectory_truncation_failure,0.3186984647397271,0.10657485941911227,0.11031946565022421,0.647870951669158,0.4,0.498995765908001,0.32,0.8,0.25,0.65,0.9602297178607611,0.4,0.125,0.2,0.5,0.2,0.18518731409871708,0.11088428899467799,3,0.000564823344453777,3,0.28491844003943717,The bus was ten minutes late
steer_alpha_0p72_c19_tok140_seed04_a_blue_mug_near_the_sink__banded-frontier_best.json,steer_alpha_0p72__reselect_banded-frontier_best,experiments/posthoc_reselect_mundane_balanced_guard/steer_alpha_0p72_c19_tok140_seed04_a_blue_mug_near_the_sink__banded-frontier_best.json,5,stock_prop_attractor_trajectory,0.3577413383195033,0.14159379989288767,0.09034097301361513,0.5564238298448825,0.4,0.48295879642179457,0.16,0.4,0.75,0.75,0.9121842574453319,0.65625,0.76,0.6666666666666666,0.7,0.0,0.37391722614633105,0.19928282467612143,4,0.1089418516625063,3,0.40167137845571554,A blue mug near the sink
steer_alpha_0p72_c19_tok140_seed05_the_spreadsheet_was_still_open__banded-frontier_best.json,steer_alpha_0p72__reselect_banded-frontier_best,experiments/posthoc_reselect_mundane_balanced_guard/steer_alpha_0p72_c19_tok140_seed05_the_spreadsheet_was_still_open__banded-frontier_best.json,5,trajectory_truncation_failure,0.29684448590100376,0.0718371316830299,0.09586240936188378,0.5618487365870544,0.4,0.3758734353745151,0.32,0.8,0.75,0.55,0.9406334759548083,0.6551724137931034,0.8466666666666667,0.3333333333333333,0.7,0.0,0.33370164163486554,0.0991035741365592,4,0.003241164774675412,3,0.4386030449231209,The spreadsheet was still open
steer_alpha_0p72_c19_tok140_seed06_the_elevator_button_was_cracked__banded-frontier_best.json,steer_alpha_0p72__reselect_banded-frontier_best,experiments/posthoc_reselect_mundane_balanced_guard/steer_alpha_0p72_c19_tok140_seed06_the_elevator_button_was_cracked__banded-frontier_best.json,5,trajectory_truncation_failure,0.2592685261553921,0.06425244762687585,0.06400475663294522,0.43622828784119116,0.4,0.32254237288135595,0.32,0.8,0.5,0.6,0.976330695878271,0.5454545454545454,0.27,0.6666666666666666,0.6,0.0,0.5181338762275637,0.16591279956996985,1,0.10190804293702463,3,0.38089575870696973,The elevator button was cracked
steer_alpha_0p72_c19_tok140_seed07_a_delivery_label_on_a_cardboard_box__banded-frontier_best.json,steer_alpha_0p72__reselect_banded-frontier_best,experiments/posthoc_reselect_mundane_balanced_guard/steer_alpha_0p72_c19_tok140_seed07_a_delivery_label_on_a_cardboard_box__banded-frontier_best.json,5,trajectory_truncation_failure,0.3725105938704373,0.1305778876713934,0.08283280113124172,0.5775620991175565,0.4,0.49375757575757573,0.24000000000000005,0.6,0.75,0.85,0.9650857420493172,0.7272727272727273,0.8150000000000001,0.4666666666666666,0.5,0.0,0.32330845761067173,0.21687183204295282,2,0.1340390309117111,3,0.40712864973395035,A delivery label on a cardboard box
steer_alpha_0p72_c19_tok140_seed08_i_am_opening_the_fridge__banded-frontier_best.json,steer_alpha_0p72__reselect_banded-frontier_best,experiments/posthoc_reselect_mundane_balanced_guard/steer_alpha_0p72_c19_tok140_seed08_i_am_opening_the_fridge__banded-frontier_best.json,5,readable_ontology_collapse_trajectory,0.41398037929010806,0.1615600655579546,0.24655612001547988,0.8782678018575851,0.0,0.5424455743972312,0.16,0.4,0.5,0.75,0.9807931175908108,0.5,0.325,0.4,0.8,0.3,0.2995648515900564,0.24655612001547988,5,0.0,3,0.35142167328621016,I am opening the fridge
steer_alpha_0p77_c19_tok140_seed01_the_receipt_on_the_counter__banded-frontier_best.json,steer_alpha_0p77__reselect_banded-frontier_best,experiments/posthoc_reselect_mundane_balanced_guard/steer_alpha_0p77_c19_tok140_seed01_the_receipt_on_the_counter__banded-frontier_best.json,5,mixed_trajectory,0.33817240756450706,0.08746052762607343,0.09540578075393452,0.5778612461334512,0.4,0.32777777777777783,0.08,0.2,0.6666666666666666,0.5833333333333333,0.9417623012206598,0.5454545454545454,0.38,0.2,0.5,0.3,0.25834118313811283,0.16414651236597308,2,0.06874073161203856,3,0.30055797725212063,The receipt on the counter
steer_alpha_0p77_c19_tok140_seed02_a_plastic_folder_in_the_drawer__banded-frontier_best.json,steer_alpha_0p77__reselect_banded-frontier_best,experiments/posthoc_reselect_mundane_balanced_guard/steer_alpha_0p77_c19_tok140_seed02_a_plastic_folder_in_the_drawer__banded-frontier_best.json,5,trajectory_truncation_failure,0.37243958665723653,0.11237895622200769,0.08027689405405405,0.5215765765765766,0.4,0.5514814814814815,0.32,0.8,0.75,0.9,0.9801500856796054,0.41666666666666663,0.255,0.4,0.9,0.0,0.33745891309920883,0.19818965036936784,2,0.11791275631531378,3,0.37779618447182134,A plastic folder in the drawer
steer_alpha_0p77_c19_tok140_seed03_the_bus_was_ten_minutes_late__banded-frontier_best.json,steer_alpha_0p77__reselect_banded-frontier_best,experiments/posthoc_reselect_mundane_balanced_guard/steer_alpha_0p77_c19_tok140_seed03_the_bus_was_ten_minutes_late__banded-frontier_best.json,5,trajectory_truncation_failure,0.41684717810280647,0.10487951426506696,0.10410412163580869,0.6409719539674875,0.4,0.4966165413533835,0.24000000000000005,0.6,1.0,0.7,0.9473715634020508,0.5714285714285714,0.6,0.5333333333333333,0.4,0.0,0.259819153136988,0.12285474825438499,2,0.018750626618576294,3,0.31872289870030146,The bus was ten minutes late
steer_alpha_0p77_c19_tok140_seed04_a_blue_mug_near_the_sink__banded-frontier_best.json,steer_alpha_0p77__reselect_banded-frontier_best,experiments/posthoc_reselect_mundane_balanced_guard/steer_alpha_0p77_c19_tok140_seed04_a_blue_mug_near_the_sink__banded-frontier_best.json,5,trajectory_truncation_failure,0.4288721323942541,0.11517106597154256,0.10862067001487632,0.6511445014829382,0.4,0.5511111111111111,0.32,0.8,1.0,0.95,0.928993563422392,0.5925925925925926,0.6,0.6666666666666666,0.7,0.0,0.319894121248728,0.17418714447728692,1,0.0655664744624106,3,0.404675172253392,A blue mug near the sink
steer_alpha_0p77_c19_tok140_seed05_the_spreadsheet_was_still_open__banded-frontier_best.json,steer_alpha_0p77__reselect_banded-frontier_best,experiments/posthoc_reselect_mundane_balanced_guard/steer_alpha_0p77_c19_tok140_seed05_the_spreadsheet_was_still_open__banded-frontier_best.json,5,trajectory_truncation_failure,0.40742344901315153,0.12637195131899465,0.09345301935483871,0.6516129032258065,0.4,0.5293336508584519,0.24000000000000005,0.6,0.75,0.65,0.967132018086354,0.25,0.0,0.5333333333333333,0.6,0.0,0.24176826036613336,0.19884323710317464,1,0.10539021774833593,3,0.24032681952815438,The spreadsheet was still open
steer_alpha_0p77_c19_tok140_seed06_the_elevator_button_was_cracked__banded-frontier_best.json,steer_alpha_0p77__reselect_banded-frontier_best,experiments/posthoc_reselect_mundane_balanced_guard/steer_alpha_0p77_c19_tok140_seed06_the_elevator_button_was_cracked__banded-frontier_best.json,5,trajectory_truncation_failure,0.3500987173225111,0.08930659016023257,0.09326760683333334,0.6253611111111111,0.4,0.4420512820512821,0.24000000000000005,0.6,0.5,0.55,1.0,0.0,0.0,0.13333333333333333,0.6,0.0,0.2166460247841054,0.19298719749739116,2,0.09971959066405782,3,0.20995422306074765,The elevator button was cracked
steer_alpha_0p77_c19_tok140_seed07_a_delivery_label_on_a_cardboard_box__banded-frontier_best.json,steer_alpha_0p77__reselect_banded-frontier_best,experiments/posthoc_reselect_mundane_balanced_guard/steer_alpha_0p77_c19_tok140_seed07_a_delivery_label_on_a_cardboard_box__banded-frontier_best.json,5,readable_ontology_collapse_trajectory,0.46712864822068795,0.1522941319365235,0.21884843750000002,0.93625,0.0,0.49458479532163746,0.16,0.4,0.75,0.85,0.959546011905515,0.7142857142857143,0.7,0.4,0.6,0.0,0.2372466048635002,0.2527740851928563,2,0.0339256476928563,3,0.3492218074579299,A delivery label on a cardboard box
steer_alpha_0p77_c19_tok140_seed08_i_am_opening_the_fridge__banded-frontier_best.json,steer_alpha_0p77__reselect_banded-frontier_best,experiments/posthoc_reselect_mundane_balanced_guard/steer_alpha_0p77_c19_tok140_seed08_i_am_opening_the_fridge__banded-frontier_best.json,5,trajectory_truncation_failure,0.3792996036317,0.1111890308554055,0.07515110274509805,0.4434007289312403,0.4,0.5529721362229102,0.32,0.8,1.0,0.9,0.9184847880746415,0.6666666666666667,0.6266666666666667,0.6,0.7,0.0,0.2565157123045415,0.1730199864712116,1,0.09786888372611356,3,0.4092531607737346,I am opening the fridge
steer_alpha_0p82_c19_tok140_seed01_the_receipt_on_the_counter__banded-frontier_best.json,steer_alpha_0p82__reselect_banded-frontier_best,experiments/posthoc_reselect_mundane_balanced_guard/steer_alpha_0p82_c19_tok140_seed01_the_receipt_on_the_counter__banded-frontier_best.json,5,trajectory_truncation_failure,0.36203056511216836,0.09158682730443968,0.078509365,0.46564465408805034,0.4,0.5035673290633864,0.32,0.8,1.0,1.0,0.9245832503205049,0.7380952380952381,0.9400000000000001,0.4,0.8,0.0,0.5139687534562298,0.10723207426696785,1,0.02872270926696785,3,0.5102323058216903,The receipt on the counter
steer_alpha_0p82_c19_tok140_seed02_a_plastic_folder_in_the_drawer__banded-frontier_best.json,steer_alpha_0p82__reselect_banded-frontier_best,experiments/posthoc_reselect_mundane_balanced_guard/steer_alpha_0p82_c19_tok140_seed02_a_plastic_folder_in_the_drawer__banded-frontier_best.json,5,trajectory_truncation_failure,0.30173462965910147,0.12033262448418625,0.09413119282245008,0.5642849433351322,0.4,0.495925925925926,0.24000000000000005,0.6,0.5,0.7,0.9575320003247431,0.6285714285714286,0.79,0.6,0.6,0.2,0.3204523539550549,0.21692357493826428,1,0.1227923821158142,3,0.43355742388642493,A plastic folder in the drawer
steer_alpha_0p82_c19_tok140_seed03_the_bus_was_ten_minutes_late__banded-frontier_best.json,steer_alpha_0p82__reselect_banded-frontier_best,experiments/posthoc_reselect_mundane_balanced_guard/steer_alpha_0p82_c19_tok140_seed03_the_bus_was_ten_minutes_late__banded-frontier_best.json,5,readable_ontology_collapse_trajectory,0.39414623362461065,0.11246981818343656,0.19795043522785458,0.8778289810547875,0.0,0.3885925925925926,0.16,0.4,0.5,0.6,0.9462874612889592,0.5333333333333333,0.355,0.3333333333333333,0.4,0.1,0.2534758528684259,0.20742816993980973,2,0.00947773471195515,3,0.2680806470564433,The bus was ten minutes late
steer_alpha_0p82_c19_tok140_seed04_a_blue_mug_near_the_sink__banded-frontier_best.json,steer_alpha_0p82__reselect_banded-frontier_best,experiments/posthoc_reselect_mundane_balanced_guard/steer_alpha_0p82_c19_tok140_seed04_a_blue_mug_near_the_sink__banded-frontier_best.json,5,trajectory_truncation_failure,0.37512327253337435,0.09651040106412594,0.09580896632397126,0.5812945414632402,0.4,0.44608465608465614,0.24000000000000005,0.6,0.75,0.9,0.8609312044183168,0.6190476190476191,0.635,0.5333333333333333,0.5,0.0,0.2672552442192081,0.1857548248079866,2,0.08994585848401535,3,0.35440258463682167,A blue mug near the sink
steer_alpha_0p82_c19_tok140_seed05_the_spreadsheet_was_still_open__banded-frontier_best.json,steer_alpha_0p82__reselect_banded-frontier_best,experiments/posthoc_reselect_mundane_balanced_guard/steer_alpha_0p82_c19_tok140_seed05_the_spreadsheet_was_still_open__banded-frontier_best.json,5,trajectory_truncation_failure,0.3068746284549143,0.09424718822248719,0.09821327025859436,0.5662167204992317,0.4,0.4950398724082935,0.32,0.8,0.5,0.8,0.9402455771798083,0.6944444444444444,0.6799999999999999,0.5333333333333333,0.6,0.2,0.3676906468833163,0.1005570137614679,2,0.0023437435028735437,3,0.4391803224088725,The spreadsheet was still open
steer_alpha_0p82_c19_tok140_seed06_the_elevator_button_was_cracked__banded-frontier_best.json,steer_alpha_0p82__reselect_banded-frontier_best,experiments/posthoc_reselect_mundane_balanced_guard/steer_alpha_0p82_c19_tok140_seed06_the_elevator_button_was_cracked__banded-frontier_best.json,5,trajectory_truncation_failure,0.423001605482302,0.164509010495595,0.10534645647361582,0.5673527670908554,0.4,0.5543505866114562,0.24000000000000005,0.6,1.0,0.95,0.9312212740697373,0.8048780487804879,0.8,0.4666666666666666,0.6,0.0,0.35930093812881253,0.2437557130078555,2,0.1384092565342397,4,0.433923362221371,The elevator button was cracked
steer_alpha_0p82_c19_tok140_seed07_a_delivery_label_on_a_cardboard_box__banded-frontier_best.json,steer_alpha_0p82__reselect_banded-frontier_best,experiments/posthoc_reselect_mundane_balanced_guard/steer_alpha_0p82_c19_tok140_seed07_a_delivery_label_on_a_cardboard_box__banded-frontier_best.json,5,trajectory_truncation_failure,0.3588387020834398,0.11594584905179497,0.06940685141912363,0.4973873463696411,0.4,0.5542735042735043,0.32,0.8,0.75,0.95,0.9558970764075576,0.6111111111111112,0.6,0.4,0.7,0.0,0.3697221920365365,0.21248580758556804,1,0.1430789561664444,3,0.42712294910265436,A delivery label on a cardboard box
steer_alpha_0p82_c19_tok140_seed08_i_am_opening_the_fridge__banded-frontier_best.json,steer_alpha_0p82__reselect_banded-frontier_best,experiments/posthoc_reselect_mundane_balanced_guard/steer_alpha_0p82_c19_tok140_seed08_i_am_opening_the_fridge__banded-frontier_best.json,5,trajectory_truncation_failure,0.29322839119839333,0.1208105242143824,0.08690559359617865,0.5777389491242704,0.4,0.5524242424242425,0.32,0.8,0.5,0.65,0.9350438661585582,0.78125,0.79,0.4,0.6,0.0,0.3068457714406245,0.20598062240684792,1,0.11907502881066927,3,0.4418184931809129,I am opening the fridge
steer_alpha_0p88_c19_tok140_seed01_the_receipt_on_the_counter__banded-frontier_best.json,steer_alpha_0p88__reselect_banded-frontier_best,experiments/posthoc_reselect_mundane_balanced_guard/steer_alpha_0p88_c19_tok140_seed01_the_receipt_on_the_counter__banded-frontier_best.json,5,trajectory_truncation_failure,0.26248859607349356,0.08101691384622622,0.0,0.3700000000000001,0.4,0.38393650793650796,0.32,0.8,0.6666666666666666,0.6333333333333333,0.9536963342552737,0.6538461538461539,0.5333333333333333,0.3333333333333333,0.5,0.0,0.5217974706632553,0.19343254648403577,1,0.19343254648403577,3,0.42898970874327336,The receipt on the counter
steer_alpha_0p88_c19_tok140_seed02_a_plastic_folder_in_the_drawer__banded-frontier_best.json,steer_alpha_0p88__reselect_banded-frontier_best,experiments/posthoc_reselect_mundane_balanced_guard/steer_alpha_0p88_c19_tok140_seed02_a_plastic_folder_in_the_drawer__banded-frontier_best.json,5,trajectory_truncation_failure,0.4487380649857995,0.1474946324315028,0.10511411337209302,0.6245639534883721,0.4,0.5514814814814815,0.24000000000000005,0.6,1.0,1.0,0.9097206333525939,0.6470588235294117,0.465,0.4666666666666666,0.8,0.0,0.23805915458443355,0.2393715707615561,1,0.1342574573894631,3,0.37679514878655873,A plastic folder in the drawer
steer_alpha_0p88_c19_tok140_seed03_the_bus_was_ten_minutes_late__banded-frontier_best.json,steer_alpha_0p88__reselect_banded-frontier_best,experiments/posthoc_reselect_mundane_balanced_guard/steer_alpha_0p88_c19_tok140_seed03_the_bus_was_ten_minutes_late__banded-frontier_best.json,5,trajectory_truncation_failure,0.3631142866561959,0.11461357392869913,0.10051766640503935,0.586895932767206,0.4,0.40668892647996435,0.24000000000000005,0.6,0.75,0.8,0.9219808289805416,0.5925925925925926,0.725,0.4666666666666666,0.6,0.0,0.3091508992190922,0.2146496931672669,2,0.11413202676222754,3,0.3895262251330299,The bus was ten minutes late
steer_alpha_0p88_c19_tok140_seed04_a_blue_mug_near_the_sink__banded-frontier_best.json,steer_alpha_0p88__reselect_banded-frontier_best,experiments/posthoc_reselect_mundane_balanced_guard/steer_alpha_0p88_c19_tok140_seed04_a_blue_mug_near_the_sink__banded-frontier_best.json,5,stock_prop_attractor_trajectory,0.36046734174666245,0.17184478966442854,0.08694516747685185,0.545162037037037,0.4,0.4973870967741936,0.08,0.2,0.75,0.95,0.9560662457537217,0.8333333333333334,1.0,0.26666666666666666,0.7,0.6,0.3735083399575331,0.2675626484375,3,0.18061748096064814,4,0.5236574566697866,A blue mug near the sink
steer_alpha_0p88_c19_tok140_seed05_the_spreadsheet_was_still_open__banded-frontier_best.json,steer_alpha_0p88__reselect_banded-frontier_best,experiments/posthoc_reselect_mundane_balanced_guard/steer_alpha_0p88_c19_tok140_seed05_the_spreadsheet_was_still_open__banded-frontier_best.json,5,trajectory_truncation_failure,0.2186344261442013,0.04413789708198483,0.0,0.3700000000000001,0.4,0.2226543209876543,0.32,0.8,0.5,0.45,0.9756149631508355,0.7,0.4,0.26666666666666666,0.2,0.0,0.6071262931691834,0.11491609236662734,1,0.11491609236662734,3,0.37652014662544714,The spreadsheet was still open
steer_alpha_0p88_c19_tok140_seed06_the_elevator_button_was_cracked__banded-frontier_best.json,steer_alpha_0p88__reselect_banded-frontier_best,experiments/posthoc_reselect_mundane_balanced_guard/steer_alpha_0p88_c19_tok140_seed06_the_elevator_button_was_cracked__banded-frontier_best.json,5,trajectory_truncation_failure,0.30534891146743015,0.09091915540599686,0.09180414896948562,0.5964716784232914,0.4,0.5516666666666667,0.4,1.0,0.5,0.75,0.9533121741089736,0.55,0.62,0.4,0.7,0.0,0.410394299628034,0.10787141565283925,1,0.016067266683353634,3,0.43608106393554913,The elevator button was cracked
steer_alpha_0p88_c19_tok140_seed07_a_delivery_label_on_a_cardboard_box__banded-frontier_best.json,steer_alpha_0p88__reselect_banded-frontier_best,experiments/posthoc_reselect_mundane_balanced_guard/steer_alpha_0p88_c19_tok140_seed07_a_delivery_label_on_a_cardboard_box__banded-frontier_best.json,5,stock_prop_attractor_trajectory,0.32917528349616965,0.12700083208445603,0.13818116359447008,0.65,0.0,0.4301761448996473,0.11600000000000002,0.4,0.5,0.75,0.9153342757654386,0.7647058823529411,0.86,0.3333333333333333,0.5,0.0,0.6415540293447084,0.1881425045984059,4,0.049961341003935816,3,0.42464451466793196,A delivery label on a cardboard box
steer_alpha_0p88_c19_tok140_seed08_i_am_opening_the_fridge__banded-frontier_best.json,steer_alpha_0p88__reselect_banded-frontier_best,experiments/posthoc_reselect_mundane_balanced_guard/steer_alpha_0p88_c19_tok140_seed08_i_am_opening_the_fridge__banded-frontier_best.json,5,stock_prop_attractor_trajectory,0.4338568413456556,0.15300034307621985,0.14460980720387903,0.6319718309859155,0.0,0.541908375609688,0.16,0.4,1.0,1.0,0.8661495254558756,0.7407407407407407,0.835,0.2,0.7,0.0,0.4627773896272732,0.2312920789473684,1,0.08668227174348936,3,0.43327634496850664,I am opening the fridge
steer_alpha_0p66_c19_tok140_seed01_the_receipt_on_the_counter__banded-frontier_best.json,steer_alpha_0p66__reselect_banded-frontier_best,experiments/posthoc_reselect_mundane_hard_gate/steer_alpha_0p66_c19_tok140_seed01_the_receipt_on_the_counter__banded-frontier_best.json,5,readable_ontology_collapse_trajectory,0.4045756325971943,0.08864487303735603,0.10841705861733772,0.6330183839396142,0.4,0.2830518604202815,0.08,0.2,1.0,0.75,0.9021920001932882,0.6086956521739131,0.5,0.4666666666666666,0.3,0.6,0.26170588451016524,0.17172171596230776,3,0.06330465734497004,4,0.3374723230309665,The receipt on the counter
steer_alpha_0p66_c19_tok140_seed02_a_plastic_folder_in_the_drawer__banded-frontier_best.json,steer_alpha_0p66__reselect_banded-frontier_best,experiments/posthoc_reselect_mundane_hard_gate/steer_alpha_0p66_c19_tok140_seed02_a_plastic_folder_in_the_drawer__banded-frontier_best.json,5,frontier_decay_trajectory,0.4006079027195457,0.12238757481273077,0.0,0.4123508221525043,0.4,0.44000000000000006,0.16,0.4,1.0,0.9,0.8808667460926463,0.5333333333333333,0.36,0.2,0.5,0.1,0.2395449836643487,0.2097874971622216,1,0.2097874971622216,3,0.31031955496724933,A plastic folder in the drawer
steer_alpha_0p66_c19_tok140_seed03_the_bus_was_ten_minutes_late__banded-frontier_best.json,steer_alpha_0p66__reselect_banded-frontier_best,experiments/posthoc_reselect_mundane_hard_gate/steer_alpha_0p66_c19_tok140_seed03_the_bus_was_ten_minutes_late__banded-frontier_best.json,5,readable_ontology_collapse_trajectory,0.4345103566316041,0.12608642337655102,0.1868016858071506,0.6903240421550281,0.0,0.3773996809740338,0.0,0.0,1.0,0.7,0.9397940008672037,0.5,0.58,0.3333333333333333,0.8,0.2,0.26903312673756746,0.1868016858071506,5,0.0,3,0.3196259628127622,The bus was ten minutes late
steer_alpha_0p66_c19_tok140_seed04_a_blue_mug_near_the_sink__banded-frontier_best.json,steer_alpha_0p66__reselect_banded-frontier_best,experiments/posthoc_reselect_mundane_hard_gate/steer_alpha_0p66_c19_tok140_seed04_a_blue_mug_near_the_sink__banded-frontier_best.json,5,readable_ontology_collapse_trajectory,0.37217924309878825,0.14099998985856171,0.12885580664519733,0.5474628373980363,0.0,0.5121205461205461,0.08,0.2,0.75,0.85,0.9286662482156341,0.5833333333333333,0.6900000000000001,0.5333333333333333,1.0,0.0,0.4307015267203191,0.18696734532528783,2,0.0581115386800905,3,0.4051763389450044,A blue mug near the sink
steer_alpha_0p66_c19_tok140_seed05_the_spreadsheet_was_still_open__banded-frontier_best.json,steer_alpha_0p66__reselect_banded-frontier_best,experiments/posthoc_reselect_mundane_hard_gate/steer_alpha_0p66_c19_tok140_seed05_the_spreadsheet_was_still_open__banded-frontier_best.json,5,readable_ontology_collapse_trajectory,0.43814424918802514,0.16523484628172508,0.18417111214470286,0.6276146738704879,0.0,0.4294864239915121,0.0,0.0,1.0,0.9,0.9307057477836103,0.6206896551724138,0.745,0.4,0.8,0.4,0.3701710590928319,0.23571888300929927,4,0.051547770864596415,3,0.40873192178364065,The spreadsheet was still open
steer_alpha_0p66_c19_tok140_seed06_the_elevator_button_was_cracked__banded-frontier_best.json,steer_alpha_0p66__reselect_banded-frontier_best,experiments/posthoc_reselect_mundane_hard_gate/steer_alpha_0p66_c19_tok140_seed06_the_elevator_button_was_cracked__banded-frontier_best.json,5,readable_ontology_collapse_trajectory,0.48211717450539376,0.13962466604565832,0.20920156821632338,0.8693529588510134,0.0,0.4297089486261695,0.0,0.0,1.0,0.9,0.9514749429560305,0.5925925925925926,0.6900000000000001,0.3333333333333333,0.8,0.4,0.31465673171106523,0.22070123849011491,3,0.011499670273791535,3,0.3822224215083198,The elevator button was cracked
steer_alpha_0p66_c19_tok140_seed07_a_delivery_label_on_a_cardboard_box__banded-frontier_best.json,steer_alpha_0p66__reselect_banded-frontier_best,experiments/posthoc_reselect_mundane_hard_gate/steer_alpha_0p66_c19_tok140_seed07_a_delivery_label_on_a_cardboard_box__banded-frontier_best.json,5,readable_ontology_collapse_trajectory,0.37307859513182845,0.13326017671041218,0.08990177022578763,0.63651777276825,0.4,0.40078125,0.08,0.2,0.75,0.75,0.9609640474436811,0.6,0.275,0.26666666666666666,0.7,0.7,0.3066113570364234,0.23383104905352114,1,0.14392927882773351,3,0.39527943609071625,A delivery label on a cardboard box
steer_alpha_0p66_c19_tok140_seed08_i_am_opening_the_fridge__banded-frontier_best.json,steer_alpha_0p66__reselect_banded-frontier_best,experiments/posthoc_reselect_mundane_hard_gate/steer_alpha_0p66_c19_tok140_seed08_i_am_opening_the_fridge__banded-frontier_best.json,5,readable_ontology_collapse_trajectory,0.443751220877504,0.17175010805165428,0.2329509027268281,0.8608680810304068,0.0,0.5586932018054369,0.08,0.2,1.0,0.6,0.9164778807006998,0.72,0.6,0.3333333333333333,0.9,0.2,0.378857584180001,0.2329509027268281,5,0.0,3,0.4021943651524002,I am opening the fridge
steer_alpha_0p72_c19_tok140_seed01_the_receipt_on_the_counter__banded-frontier_best.json,steer_alpha_0p72__reselect_banded-frontier_best,experiments/posthoc_reselect_mundane_hard_gate/steer_alpha_0p72_c19_tok140_seed01_the_receipt_on_the_counter__banded-frontier_best.json,5,stock_prop_attractor_trajectory,0.32778889293808755,0.20311108752085455,0.205883808612931,0.7254538710815046,0.0,0.5524747474747475,0.0,0.0,0.3333333333333333,0.7166666666666667,0.9454114527870351,0.6842105263157895,0.89,0.4,0.8,0.8,0.46318493413174505,0.21310821573901462,1,0.007224407126083604,4,0.5014780018442057,The receipt on the counter
steer_alpha_0p72_c19_tok140_seed02_a_plastic_folder_in_the_drawer__banded-frontier_best.json,steer_alpha_0p72__reselect_banded-frontier_best,experiments/posthoc_reselect_mundane_hard_gate/steer_alpha_0p72_c19_tok140_seed02_a_plastic_folder_in_the_drawer__banded-frontier_best.json,5,trajectory_truncation_failure,0.2789830858298184,0.08599876089163525,0.0794245117046013,0.5418556511056511,0.4,0.4354202741702742,0.24000000000000005,0.6,0.5,0.6,0.9253466084997497,0.5833333333333333,0.6,0.3333333333333333,0.9,0.0,0.34964813903918673,0.0996261601228308,1,0.02020164841822951,3,0.40630024562312145,A plastic folder in the drawer
steer_alpha_0p72_c19_tok140_seed03_the_bus_was_ten_minutes_late__banded-frontier_best.json,steer_alpha_0p72__reselect_banded-frontier_best,experiments/posthoc_reselect_mundane_hard_gate/steer_alpha_0p72_c19_tok140_seed03_the_bus_was_ten_minutes_late__banded-frontier_best.json,5,readable_ontology_collapse_trajectory,0.35424192029256446,0.1153322286936909,0.19171475163299126,0.6886562733597839,0.0,0.311978075959061,0.0,0.0,0.25,0.85,0.8806948948601666,0.6190476190476191,0.65,0.4,0.5,0.0,0.2914797774246588,0.19171475163299126,5,0.0,3,0.2753711218412005,The bus was ten minutes late
steer_alpha_0p72_c19_tok140_seed04_a_blue_mug_near_the_sink__banded-frontier_best.json,steer_alpha_0p72__reselect_banded-frontier_best,experiments/posthoc_reselect_mundane_hard_gate/steer_alpha_0p72_c19_tok140_seed04_a_blue_mug_near_the_sink__banded-frontier_best.json,5,readable_ontology_collapse_trajectory,0.42551858331950587,0.14263451103839442,0.10016755837384005,0.6169472676388276,0.4,0.4840568356374808,0.16,0.4,1.0,0.8,0.9503315975535328,0.6086956521739131,0.6799999999999999,0.5333333333333333,0.6,0.0,0.3448014832403717,0.19928282467612143,4,0.09911526630228139,3,0.3650011221460004,A blue mug near the sink
steer_alpha_0p72_c19_tok140_seed05_the_spreadsheet_was_still_open__banded-frontier_best.json,steer_alpha_0p72__reselect_banded-frontier_best,experiments/posthoc_reselect_mundane_hard_gate/steer_alpha_0p72_c19_tok140_seed05_the_spreadsheet_was_still_open__banded-frontier_best.json,5,mixed_trajectory,0.3099197207342291,0.026606098621176317,0.0,0.43458433177605005,0.4,0.1532060785767235,0.16,0.4,0.75,0.7,0.9311150647305054,0.5294117647058824,0.475,0.4666666666666666,0.4,0.0,0.44155521662705166,0.07168106995008436,1,0.07168106995008436,3,0.3136732759559702,The spreadsheet was still open
steer_alpha_0p72_c19_tok140_seed06_the_elevator_button_was_cracked__banded-frontier_best.json,steer_alpha_0p72__reselect_banded-frontier_best,experiments/posthoc_reselect_mundane_hard_gate/steer_alpha_0p72_c19_tok140_seed06_the_elevator_button_was_cracked__banded-frontier_best.json,5,stock_prop_attractor_trajectory,0.32839504522785556,0.14697537394728502,0.21345440042080085,0.7274056845628634,0.0,0.5317227007502084,0.08,0.2,0.5,0.6,0.9239096962661815,0.7428571428571429,0.77,0.4666666666666666,0.7,0.0,0.7584203049425886,0.21345440042080085,5,0.0,3,0.44060136917538023,The elevator button was cracked
steer_alpha_0p72_c19_tok140_seed07_a_delivery_label_on_a_cardboard_box__banded-frontier_best.json,steer_alpha_0p72__reselect_banded-frontier_best,experiments/posthoc_reselect_mundane_hard_gate/steer_alpha_0p72_c19_tok140_seed07_a_delivery_label_on_a_cardboard_box__banded-frontier_best.json,5,stock_prop_attractor_trajectory,0.3670562227175325,0.11299438046676125,0.08283280113124172,0.5775620991175565,0.4,0.44439955106621776,0.16,0.4,1.0,0.6,0.9596691138092753,0.75,0.77,0.5333333333333333,0.5,0.1,0.3648955868343496,0.2121476521354131,1,0.12931485100417137,3,0.39987843328080863,A delivery label on a cardboard box
steer_alpha_0p72_c19_tok140_seed08_i_am_opening_the_fridge__banded-frontier_best.json,steer_alpha_0p72__reselect_banded-frontier_best,experiments/posthoc_reselect_mundane_hard_gate/steer_alpha_0p72_c19_tok140_seed08_i_am_opening_the_fridge__banded-frontier_best.json,5,readable_ontology_collapse_trajectory,0.4695643674010851,0.18219225312102202,0.24655612001547988,0.8782678018575851,0.0,0.4860994712240017,0.0,0.0,1.0,0.5,0.9649483470238079,0.5,0.47000000000000003,0.4,0.5,0.5,0.28072631820248983,0.25057058852229996,2,0.004014468506820079,3,0.30693290755247116,I am opening the fridge
steer_alpha_0p77_c19_tok140_seed01_the_receipt_on_the_counter__banded-frontier_best.json,steer_alpha_0p77__reselect_banded-frontier_best,experiments/posthoc_reselect_mundane_hard_gate/steer_alpha_0p77_c19_tok140_seed01_the_receipt_on_the_counter__banded-frontier_best.json,5,mixed_trajectory,0.3395799773263001,0.08119771399595951,0.06409171260336496,0.6536204265708182,0.0,0.26142857142857145,0.0,0.0,0.6666666666666666,0.5833333333333333,0.9050700972776302,0.6,0.5,0.2,0.5,0.4,0.26436461365072045,0.16414651236597308,2,0.10005479976260812,3,0.31859385042152094,The receipt on the counter
steer_alpha_0p77_c19_tok140_seed02_a_plastic_folder_in_the_drawer__banded-frontier_best.json,steer_alpha_0p77__reselect_banded-frontier_best,experiments/posthoc_reselect_mundane_hard_gate/steer_alpha_0p77_c19_tok140_seed02_a_plastic_folder_in_the_drawer__banded-frontier_best.json,5,readable_ontology_collapse_trajectory,0.3656379275631597,0.11394222714471972,0.0693939894292993,0.5043731759928943,0.4,0.44325925925925935,0.16,0.4,0.75,0.95,0.9999999999999999,0.5,0.275,0.0,1.0,0.4,0.37606200623032804,0.19818965036936784,2,0.12879566094006856,3,0.4195105102624694,A plastic folder in the drawer
steer_alpha_0p77_c19_tok140_seed03_the_bus_was_ten_minutes_late__banded-frontier_best.json,steer_alpha_0p77__reselect_banded-frontier_best,experiments/posthoc_reselect_mundane_hard_gate/steer_alpha_0p77_c19_tok140_seed03_the_bus_was_ten_minutes_late__banded-frontier_best.json,5,readable_ontology_collapse_trajectory,0.39537850513066025,0.12369668746641324,0.08026774120968622,0.5675924289291502,0.4,0.5151722371438402,0.16,0.4,1.0,0.7,0.9659950459594251,0.6428571428571428,0.475,0.4666666666666666,0.5,0.2,0.3592773550502556,0.21654601216034888,3,0.13627827095066267,3,0.36189737883735973,The bus was ten minutes late
steer_alpha_0p77_c19_tok140_seed04_a_blue_mug_near_the_sink__banded-frontier_best.json,steer_alpha_0p77__reselect_banded-frontier_best,experiments/posthoc_reselect_mundane_hard_gate/steer_alpha_0p77_c19_tok140_seed04_a_blue_mug_near_the_sink__banded-frontier_best.json,5,readable_ontology_collapse_trajectory,0.4442936056467882,0.14483661524231944,0.23667459950904748,0.8230115233796982,0.0,0.4922222222222222,0.16,0.4,1.0,0.7,0.8980927904082555,0.6333333333333333,0.74,0.5333333333333333,0.6,0.1,0.3823568554813347,0.23667459950904748,5,0.0,3,0.3817575673199736,A blue mug near the sink
steer_alpha_0p77_c19_tok140_seed05_the_spreadsheet_was_still_open__banded-frontier_best.json,steer_alpha_0p77__reselect_banded-frontier_best,experiments/posthoc_reselect_mundane_hard_gate/steer_alpha_0p77_c19_tok140_seed05_the_spreadsheet_was_still_open__banded-frontier_best.json,5,readable_ontology_collapse_trajectory,0.4586855767109753,0.16679001885609718,0.21771059285053496,0.8972144961592473,0.0,0.5320669841917852,0.08,0.2,0.75,0.65,0.8918993784559955,0.5294117647058824,0.4,0.3333333333333333,0.6,0.0,0.28026736763987403,0.21771059285053496,5,0.0,3,0.26738930264576555,The spreadsheet was still open
steer_alpha_0p77_c19_tok140_seed06_the_elevator_button_was_cracked__banded-frontier_best.json,steer_alpha_0p77__reselect_banded-frontier_best,experiments/posthoc_reselect_mundane_hard_gate/steer_alpha_0p77_c19_tok140_seed06_the_elevator_button_was_cracked__banded-frontier_best.json,5,frontier_decay_trajectory,0.3847429000246036,0.038597439499478234,0.0,0.9376832006531945,0.0,0.11205128205128205,0.0,0.0,0.5,0.6,0.9602297178607611,0.4,0.155,0.06666666666666667,0.4,0.2,0.20287900600620223,0.19298719749739116,2,0.19298719749739116,3,0.21116630070572506,The elevator button was cracked
steer_alpha_0p77_c19_tok140_seed07_a_delivery_label_on_a_cardboard_box__banded-frontier_best.json,steer_alpha_0p77__reselect_banded-frontier_best,experiments/posthoc_reselect_mundane_hard_gate/steer_alpha_0p77_c19_tok140_seed07_a_delivery_label_on_a_cardboard_box__banded-frontier_best.json,5,readable_ontology_collapse_trajectory,0.49998735460621674,0.19235046684384388,0.21884843750000002,0.93625,0.0,0.5458607809847199,0.08,0.2,0.75,0.95,0.9524343150055595,0.7391304347826086,0.7,0.4,0.5,0.0,0.3029767266127775,0.30572997147734343,3,0.08688153397734341,3,0.3334810843651624,A delivery label on a cardboard box
steer_alpha_0p77_c19_tok140_seed08_i_am_opening_the_fridge__banded-frontier_best.json,steer_alpha_0p77__reselect_banded-frontier_best,experiments/posthoc_reselect_mundane_hard_gate/steer_alpha_0p77_c19_tok140_seed08_i_am_opening_the_fridge__banded-frontier_best.json,5,trajectory_truncation_failure,0.3912347377083159,0.09686890293009198,0.0,0.6330598530144494,0.4,0.4086719345052551,0.24000000000000005,0.6,1.0,0.75,0.93006273359915,0.5925925925925926,0.5599999999999999,0.5333333333333333,0.5,0.2,0.29262068750046055,0.1730199864712116,1,0.1730199864712116,3,0.3862839809800239,I am opening the fridge
steer_alpha_0p82_c19_tok140_seed01_the_receipt_on_the_counter__banded-frontier_best.json,steer_alpha_0p82__reselect_banded-frontier_best,experiments/posthoc_reselect_mundane_hard_gate/steer_alpha_0p82_c19_tok140_seed01_the_receipt_on_the_counter__banded-frontier_best.json,5,trajectory_truncation_failure,0.35222439295823604,0.08950927146250416,0.078509365,0.46564465408805034,0.4,0.4429182418422911,0.24000000000000005,0.6,1.0,0.85,0.9324034297659327,0.7441860465116279,0.9400000000000001,0.4,0.6,0.0,0.5876074350018211,0.10723207426696785,1,0.02872270926696785,3,0.47209634934153577,The receipt on the counter
steer_alpha_0p82_c19_tok140_seed02_a_plastic_folder_in_the_drawer__banded-frontier_best.json,steer_alpha_0p82__reselect_banded-frontier_best,experiments/posthoc_reselect_mundane_hard_gate/steer_alpha_0p82_c19_tok140_seed02_a_plastic_folder_in_the_drawer__banded-frontier_best.json,5,mixed_trajectory,0.310456933649619,0.12429006386720695,0.14718578394087256,0.5699001148105626,0.0,0.49671023965141614,0.16,0.4,0.5,0.7,0.9675516948651824,0.6363636363636364,0.645,0.6,0.8,0.2,0.393007927852527,0.21692357493826428,1,0.06973779099739172,3,0.4231384592994273,A plastic folder in the drawer
steer_alpha_0p82_c19_tok140_seed03_the_bus_was_ten_minutes_late__banded-frontier_best.json,steer_alpha_0p82__reselect_banded-frontier_best,experiments/posthoc_reselect_mundane_hard_gate/steer_alpha_0p82_c19_tok140_seed03_the_bus_was_ten_minutes_late__banded-frontier_best.json,5,readable_ontology_collapse_trajectory,0.41674883350757846,0.12845925783975704,0.19795043522785458,0.8778289810547875,0.0,0.4985146198830409,0.16,0.4,0.5,0.7,0.957742056202218,0.41666666666666663,0.27999999999999997,0.4,0.5,0.1,0.2808708966785641,0.20742816993980973,2,0.00947773471195515,3,0.26484508827560155,The bus was ten minutes late
steer_alpha_0p82_c19_tok140_seed04_a_blue_mug_near_the_sink__banded-frontier_best.json,steer_alpha_0p82__reselect_banded-frontier_best,experiments/posthoc_reselect_mundane_hard_gate/steer_alpha_0p82_c19_tok140_seed04_a_blue_mug_near_the_sink__banded-frontier_best.json,5,readable_ontology_collapse_trajectory,0.3887400169443024,0.10652108801540591,0.08840588727613008,0.5445053416859453,0.4,0.4427513227513228,0.16,0.4,0.75,0.95,0.9083831508637694,0.5263157894736843,0.49000000000000005,0.5333333333333333,0.6,0.0,0.37845037445039786,0.1857548248079866,2,0.09734893753185653,3,0.3359549869782185,A blue mug near the sink
steer_alpha_0p82_c19_tok140_seed05_the_spreadsheet_was_still_open__banded-frontier_best.json,steer_alpha_0p82__reselect_banded-frontier_best,experiments/posthoc_reselect_mundane_hard_gate/steer_alpha_0p82_c19_tok140_seed05_the_spreadsheet_was_still_open__banded-frontier_best.json,5,readable_ontology_collapse_trajectory,0.36993197961392554,0.11535858017392712,0.20138470376344084,0.8788548387096774,0.0,0.4415679875679876,0.16,0.4,0.5,0.65,0.9120537711922041,0.59375,0.71,0.5333333333333333,0.5,0.2,0.3563758652267058,0.20138470376344084,5,0.0,3,0.36892265574080707,The spreadsheet was still open
steer_alpha_0p82_c19_tok140_seed06_the_elevator_button_was_cracked__banded-frontier_best.json,steer_alpha_0p82__reselect_banded-frontier_best,experiments/posthoc_reselect_mundane_hard_gate/steer_alpha_0p82_c19_tok140_seed06_the_elevator_button_was_cracked__banded-frontier_best.json,5,stock_prop_attractor_trajectory,0.3642211195401665,0.1707345143981302,0.07888937419354838,0.5585483870967742,0.4,0.5534028065332414,0.16,0.4,0.75,0.75,0.9085975968219476,0.7631578947368421,0.9550000000000001,0.3333333333333333,0.5,0.0,0.3388058942389237,0.2437557130078555,2,0.16486633881430712,4,0.4137308012588366,The elevator button was cracked
steer_alpha_0p82_c19_tok140_seed07_a_delivery_label_on_a_cardboard_box__banded-frontier_best.json,steer_alpha_0p82__reselect_banded-frontier_best,experiments/posthoc_reselect_mundane_hard_gate/steer_alpha_0p82_c19_tok140_seed07_a_delivery_label_on_a_cardboard_box__banded-frontier_best.json,5,trajectory_truncation_failure,0.3357435881963791,0.09825477120011113,0.06940685141912363,0.4973873463696411,0.4,0.4948888888888889,0.32,0.8,0.75,0.75,0.9462874612889592,0.5333333333333333,0.525,0.3333333333333333,0.5,0.0,0.3841559941328147,0.21248580758556804,1,0.1430789561664444,3,0.38344325570220666,A delivery label on a cardboard box
steer_alpha_0p82_c19_tok140_seed08_i_am_opening_the_fridge__banded-frontier_best.json,steer_alpha_0p82__reselect_banded-frontier_best,experiments/posthoc_reselect_mundane_hard_gate/steer_alpha_0p82_c19_tok140_seed08_i_am_opening_the_fridge__banded-frontier_best.json,5,trajectory_truncation_failure,0.28610773245758797,0.1299868752192081,0.08296846033814782,0.5583071367884452,0.4,0.4418285714285714,0.24000000000000005,0.6,0.5,0.5,0.9627637424390203,0.78125,0.635,0.4,0.5,0.0,0.3406231889400172,0.25828595385297515,3,0.17531749351482734,3,0.39663479803642715,I am opening the fridge
steer_alpha_0p88_c19_tok140_seed01_the_receipt_on_the_counter__banded-frontier_best.json,steer_alpha_0p88__reselect_banded-frontier_best,experiments/posthoc_reselect_mundane_hard_gate/steer_alpha_0p88_c19_tok140_seed01_the_receipt_on_the_counter__banded-frontier_best.json,5,trajectory_truncation_failure,0.24981260687089882,0.06212533456131614,0.0,0.3700000000000001,0.4,0.2739365079365079,0.24000000000000005,0.6,0.6666666666666666,0.5333333333333333,0.9469085754464489,0.625,0.475,0.26666666666666666,0.3,0.2,0.5350176523967948,0.19343254648403577,1,0.19343254648403577,3,0.3963180594040284,The receipt on the counter
steer_alpha_0p88_c19_tok140_seed02_a_plastic_folder_in_the_drawer__banded-frontier_best.json,steer_alpha_0p88__reselect_banded-frontier_best,experiments/posthoc_reselect_mundane_hard_gate/steer_alpha_0p88_c19_tok140_seed02_a_plastic_folder_in_the_drawer__banded-frontier_best.json,5,frontier_decay_trajectory,0.35624148156743396,0.11141299616586223,0.059163462385321094,0.3979649708090075,0.4,0.44266666666666665,0.16,0.4,1.0,0.7,0.9182958340544896,0.7777777777777778,0.24000000000000005,0.2,0.5,0.1,0.4688576990165815,0.2393715707615561,1,0.18020810837623502,3,0.35480337985719773,A plastic folder in the drawer
steer_alpha_0p88_c19_tok140_seed03_the_bus_was_ten_minutes_late__banded-frontier_best.json,steer_alpha_0p88__reselect_banded-frontier_best,experiments/posthoc_reselect_mundane_hard_gate/steer_alpha_0p88_c19_tok140_seed03_the_bus_was_ten_minutes_late__banded-frontier_best.json,5,trajectory_truncation_failure,0.33818874019212253,0.09181464039247447,0.09053899411764706,0.5341911764705882,0.4,0.2966889264799643,0.24000000000000005,0.6,0.75,0.65,0.9585348113584488,0.5,0.445,0.4,0.6,0.0,0.3365036301274234,0.2146496931672669,2,0.12411069904961984,3,0.34748725828037924,The bus was ten minutes late
steer_alpha_0p88_c19_tok140_seed04_a_blue_mug_near_the_sink__banded-frontier_best.json,steer_alpha_0p88__reselect_banded-frontier_best,experiments/posthoc_reselect_mundane_hard_gate/steer_alpha_0p88_c19_tok140_seed04_a_blue_mug_near_the_sink__banded-frontier_best.json,5,stock_prop_attractor_trajectory,0.372352845417826,0.15465547525858275,0.0009985954476229057,0.6852349617207437,0.0,0.3866463560334528,0.0,0.0,0.75,0.95,0.9183843366256258,0.8085106382978724,1.0,0.3333333333333333,0.5,0.8,0.4426338995830926,0.2675626484375,3,0.26656405298987706,4,0.5225097737032255,A blue mug near the sink
steer_alpha_0p88_c19_tok140_seed05_the_spreadsheet_was_still_open__banded-frontier_best.json,steer_alpha_0p88__reselect_banded-frontier_best,experiments/posthoc_reselect_mundane_hard_gate/steer_alpha_0p88_c19_tok140_seed05_the_spreadsheet_was_still_open__banded-frontier_best.json,5,frontier_decay_trajectory,0.21883396132298455,0.03440060364059445,0.0,0.3700000000000001,0.4,0.11411764705882355,0.16,0.4,0.5,0.35,0.9756641375534827,0.5,0.2,0.26666666666666666,0.2,0.0,0.7216604213487915,0.1658560053824594,3,0.1658560053824594,3,0.30877727665015137,The spreadsheet was still open
steer_alpha_0p88_c19_tok140_seed06_the_elevator_button_was_cracked__banded-frontier_best.json,steer_alpha_0p88__reselect_banded-frontier_best,experiments/posthoc_reselect_mundane_hard_gate/steer_alpha_0p88_c19_tok140_seed06_the_elevator_button_was_cracked__banded-frontier_best.json,5,trajectory_truncation_failure,0.3156739357387083,0.052889090165596134,0.09180414896948562,0.5964716784232914,0.4,0.33,0.24000000000000005,0.6,0.5,0.7,0.9555290352763198,0.5294117647058824,0.5800000000000001,0.26666666666666666,0.4,0.0,0.3491507411880318,0.10180666783783784,2,0.010002518868352225,3,0.32648868771468686,The elevator button was cracked
steer_alpha_0p88_c19_tok140_seed07_a_delivery_label_on_a_cardboard_box__banded-frontier_best.json,steer_alpha_0p88__reselect_banded-frontier_best,experiments/posthoc_reselect_mundane_hard_gate/steer_alpha_0p88_c19_tok140_seed07_a_delivery_label_on_a_cardboard_box__banded-frontier_best.json,5,stock_prop_attractor_trajectory,0.33213666017384796,0.10191672401278158,0.13818116359447008,0.65,0.0,0.32022451980516503,0.08,0.2,0.5,0.75,0.9189047521866909,0.7741935483870968,0.86,0.3333333333333333,0.3,0.0,0.6071893268427441,0.1881425045984059,4,0.049961341003935816,3,0.38060763482099397,A delivery label on a cardboard box
steer_alpha_0p88_c19_tok140_seed08_i_am_opening_the_fridge__banded-frontier_best.json,steer_alpha_0p88__reselect_banded-frontier_best,experiments/posthoc_reselect_mundane_hard_gate/steer_alpha_0p88_c19_tok140_seed08_i_am_opening_the_fridge__banded-frontier_best.json,5,stock_prop_attractor_trajectory,0.4502260283733995,0.18186599938569165,0.14460980720387903,0.6319718309859155,0.0,0.5821748812457589,0.08,0.2,1.0,1.0,0.871974021278389,0.7333333333333334,0.835,0.26666666666666666,0.6,0.1,0.5225435225278783,0.23617677699001358,3,0.09156696978613454,3,0.4200262128562717,I am opening the fridge
